urlId,urlUrl,urlRetId,urlBadUrl,urlBadUrlReason,urlBadUrlLastDate,urlBadUrlHistory,urlDateInserted,urlDateModified,urlPriority,urlNotes
1,https://www.amazon.com/dp/B07KB2H5R7,1,NULL,NULL,NULL,NULL,"2019-02-05 13:40:07",NULL,NULL,NULL
4,https://www.amazon.com/dp/B0727WSLPC,1,NULL,NULL,NULL,NULL,"2019-02-05 13:40:07",NULL,NULL,NULL
5,https://www.amazon.com/dp/B07259WRG2,1,NULL,NULL,NULL,NULL,"2019-02-05 13:40:07",NULL,NULL,NULL
6,https://www.amazon.com/dp/B071LKDPYT,1,NULL,NULL,NULL,NULL,"2019-02-05 13:40:07",NULL,NULL,NULL
7,https://www.amazon.com/dp/B071F1BBT8,1,NULL,NULL,NULL,NULL,"2019-02-05 13:40:07",NULL,NULL,NULL
9,https://www.amazon.com/dp/B071DKC8B1,1,NULL,NULL,NULL,NULL,"2019-02-05 13:40:07",NULL,NULL,NULL
10,https://www.amazon.com/dp/B0716KK156,1,NULL,NULL,NULL,NULL,"2019-02-05 13:40:07",NULL,NULL,NULL
11,https://www.amazon.com/dp/B071441DZR,1,NULL,NULL,NULL,NULL,"2019-02-05 13:40:07",NULL,NULL,NULL
12,https://www.amazon.com/dp/B0713MRJ6C,1,NULL,NULL,NULL,NULL,"2019-02-05 13:40:07",NULL,NULL,NULL
13,https://www.amazon.com/dp/B06ZZ2VWGW,1,NULL,NULL,NULL,NULL,"2019-02-05 13:40:07",NULL,NULL,NULL
14,https://www.amazon.com/dp/B06Y48ZPBV,1,NULL,NULL,NULL,NULL,"2019-02-05 13:40:07",NULL,NULL,NULL
20,https://www.amazon.com/dp/B078J1H6JZ,1,NULL,NULL,NULL,NULL,"2019-02-05 13:40:08",NULL,NULL,NULL
21,https://www.amazon.com/dp/B076MB5L2S,1,NULL,NULL,NULL,NULL,"2019-02-05 13:40:08",NULL,NULL,NULL
22,https://www.amazon.com/dp/B071H4X93P,1,NULL,NULL,NULL,NULL,"2019-02-05 13:40:08",NULL,NULL,NULL
23,https://www.amazon.com/dp/B06XCXTR86,1,NULL,NULL,NULL,NULL,"2019-02-05 13:40:08",NULL,NULL,NULL
24,https://www.amazon.com/dp/B01MQISSDI,1,NULL,NULL,NULL,NULL,"2019-02-05 13:40:08",NULL,NULL,NULL
25,https://www.amazon.com/dp/B01DL72XJO,1,NULL,NULL,NULL,NULL,"2019-02-05 13:40:08",NULL,NULL,NULL
26,https://www.amazon.com/dp/B01C6C7SP4,1,NULL,NULL,NULL,NULL,"2019-02-05 13:40:08",NULL,NULL,NULL
27,https://www.amazon.com/dp/B00BQBUOSU,1,NULL,NULL,NULL,NULL,"2019-02-05 13:40:08",NULL,NULL,NULL
28,https://www.amazon.com/dp/B002KPF0RQ,1,NULL,NULL,NULL,NULL,"2019-02-05 13:40:08",NULL,NULL,NULL
29,https://www.amazon.com/dp/B000S5HQLS,1,NULL,NULL,NULL,NULL,"2019-02-05 13:40:08",NULL,NULL,NULL
30,https://www.amazon.com/dp/B071HHB83B,1,NULL,NULL,NULL,NULL,"2019-02-05 13:40:08",NULL,NULL,NULL
33,https://www.amazon.com/dp/B01CV9UQ7Y,1,NULL,NULL,NULL,NULL,"2019-02-05 13:40:08",NULL,NULL,NULL
34,https://www.amazon.com/dp/B01BPSB626,1,NULL,NULL,NULL,NULL,"2019-02-05 13:40:08",NULL,NULL,NULL
35,https://www.amazon.com/dp/B01B1XZ9U0,1,NULL,NULL,NULL,NULL,"2019-02-05 13:40:08",NULL,NULL,NULL
36,https://www.amazon.com/dp/B00GGWOQ60,1,NULL,NULL,NULL,NULL,"2019-02-05 13:40:08",NULL,NULL,NULL
38,https://www.amazon.com/dp/B07JGSPRMW,1,NULL,NULL,NULL,NULL,"2019-02-05 13:40:08",NULL,NULL,NULL
39,https://www.amazon.com/dp/B07GBL864T,1,NULL,NULL,NULL,NULL,"2019-02-05 13:40:08",NULL,NULL,NULL
40,https://www.amazon.com/dp/B07CYZ5H9P,1,NULL,NULL,NULL,NULL,"2019-02-05 13:40:08",NULL,NULL,NULL
41,https://www.amazon.com/dp/B07BZQKYJV,1,NULL,NULL,NULL,NULL,"2019-02-05 13:40:08",NULL,NULL,NULL
42,https://www.amazon.com/dp/B06XTVWY8W,1,NULL,NULL,NULL,NULL,"2019-02-05 13:40:08",NULL,NULL,NULL
49,https://www.amazon.com/dp/B07DB4KYGW,1,NULL,NULL,NULL,NULL,"2019-02-05 13:40:09",NULL,NULL,NULL
50,https://www.amazon.com/dp/B07D8L9386,1,NULL,NULL,NULL,NULL,"2019-02-05 13:40:09",NULL,NULL,NULL
51,https://www.amazon.com/dp/B07D6YQDT3,1,NULL,NULL,NULL,NULL,"2019-02-05 13:40:09",NULL,NULL,NULL
52,https://www.amazon.com/dp/B07D6X9Z78,1,NULL,NULL,NULL,NULL,"2019-02-05 13:40:09",NULL,NULL,NULL
53,https://www.amazon.com/dp/B07D5LGJDV,1,NULL,NULL,NULL,NULL,"2019-02-05 13:40:09",NULL,NULL,NULL
54,https://www.amazon.com/dp/B07D5DXT2X,1,NULL,NULL,NULL,NULL,"2019-02-05 13:40:09",NULL,NULL,NULL
57,https://www.amazon.com/dp/B07CZK9MJG,1,NULL,NULL,NULL,NULL,"2019-02-05 13:40:09",NULL,NULL,NULL
63,https://www.amazon.com/dp/B07FPQWZR8,1,NULL,NULL,NULL,NULL,"2019-02-05 13:40:09",NULL,NULL,NULL
64,https://www.amazon.com/dp/B07FPQ2V45,1,NULL,NULL,NULL,NULL,"2019-02-05 13:40:09",NULL,NULL,NULL
65,https://www.amazon.com/dp/B07FMPFYGJ,1,NULL,NULL,NULL,NULL,"2019-02-05 13:40:09",NULL,NULL,NULL
66,https://www.amazon.com/dp/B07FKYWJXP,1,NULL,NULL,NULL,NULL,"2019-02-05 13:40:09",NULL,NULL,NULL
67,https://www.amazon.com/dp/B07F92D3CM,1,NULL,NULL,NULL,NULL,"2019-02-05 13:40:09",NULL,NULL,NULL
68,https://www.amazon.com/dp/B07F44VJ2Y,1,NULL,NULL,NULL,NULL,"2019-02-05 13:40:09",NULL,NULL,NULL
70,https://www.amazon.com/dp/B07F1NQP62,1,NULL,NULL,NULL,NULL,"2019-02-05 13:40:09",NULL,NULL,NULL
71,https://www.amazon.com/dp/B07DS6ZFKH,1,NULL,NULL,NULL,NULL,"2019-02-05 13:40:09",NULL,NULL,NULL
72,https://www.amazon.com/dp/B07DNW5K1H,1,NULL,NULL,NULL,NULL,"2019-02-05 13:40:09",NULL,NULL,NULL
75,https://www.amazon.com/dp/B07F91WRKG,1,NULL,NULL,NULL,NULL,"2019-02-05 13:40:10",NULL,NULL,NULL
76,https://www.amazon.com/dp/B07CBZ3VS7,1,NULL,NULL,NULL,NULL,"2019-02-05 13:40:10",NULL,NULL,NULL
77,https://www.amazon.com/dp/B01M35EEO0,1,NULL,NULL,NULL,NULL,"2019-02-05 13:40:10",NULL,NULL,NULL
78,https://www.amazon.com/dp/B01K87BXOG,1,NULL,NULL,NULL,NULL,"2019-02-05 13:40:10",NULL,NULL,NULL
79,https://www.amazon.com/dp/B01IQNL1GY,1,NULL,NULL,NULL,NULL,"2019-02-05 13:40:10",NULL,NULL,NULL
80,https://www.amazon.com/dp/B01IFFDRMO,1,NULL,NULL,NULL,NULL,"2019-02-05 13:40:10",NULL,NULL,NULL
81,https://www.amazon.com/dp/B01HEEVDT6,1,NULL,NULL,NULL,NULL,"2019-02-05 13:40:10",NULL,NULL,NULL
82,https://www.amazon.com/dp/B01F9LTF9G,1,NULL,NULL,NULL,NULL,"2019-02-05 13:40:10",NULL,NULL,NULL
83,https://www.amazon.com/dp/B013IMBHVC,1,NULL,NULL,NULL,NULL,"2019-02-05 13:40:10",NULL,NULL,NULL
84,https://www.amazon.com/dp/B00BUIUR2W,1,NULL,NULL,NULL,NULL,"2019-02-05 13:40:10",NULL,NULL,NULL
85,https://www.amazon.com/dp/B07CJQSCLS,1,NULL,NULL,NULL,NULL,"2019-02-05 13:40:10",NULL,NULL,NULL
86,https://www.amazon.com/dp/B0787G8MRJ,1,NULL,NULL,NULL,NULL,"2019-02-05 13:40:10",NULL,NULL,NULL
87,https://www.amazon.com/dp/B077XNP7T1,1,NULL,NULL,NULL,NULL,"2019-02-05 13:40:10",NULL,NULL,NULL
88,https://www.amazon.com/dp/B06XZXBLZN,1,NULL,NULL,NULL,NULL,"2019-02-05 13:40:10",NULL,NULL,NULL
89,https://www.amazon.com/dp/B01HEQNDYC,1,NULL,NULL,NULL,NULL,"2019-02-05 13:40:10",NULL,NULL,NULL
90,https://www.amazon.com/dp/B00V5BOXW4,1,NULL,NULL,NULL,NULL,"2019-02-05 13:40:10",NULL,NULL,NULL
91,https://www.amazon.com/dp/B00A92V4JU,1,NULL,NULL,NULL,NULL,"2019-02-05 13:40:10",NULL,NULL,NULL
92,https://www.amazon.com/dp/B008VVHXTG,1,NULL,NULL,NULL,NULL,"2019-02-05 13:40:10",NULL,NULL,NULL
93,https://www.amazon.com/dp/B0793L6DWX,1,NULL,NULL,NULL,NULL,"2019-02-05 13:40:10",NULL,NULL,NULL
97,https://www.amazon.com/dp/B075TH2784,1,NULL,NULL,NULL,NULL,"2019-02-05 13:40:11",NULL,NULL,NULL
98,https://www.amazon.com/dp/B075TFH9DK,1,NULL,NULL,NULL,NULL,"2019-02-05 13:40:11",NULL,NULL,NULL
99,https://www.amazon.com/dp/B075RZGWMW,1,NULL,NULL,NULL,NULL,"2019-02-05 13:40:11",NULL,NULL,NULL
100,https://www.amazon.com/dp/B075RF8TDW,1,NULL,NULL,NULL,NULL,"2019-02-05 13:40:11",NULL,NULL,NULL
101,https://www.amazon.com/dp/B075QNZGDK,1,NULL,NULL,NULL,NULL,"2019-02-05 13:40:11",NULL,NULL,NULL
102,https://www.amazon.com/dp/B075MS3LML,1,NULL,NULL,NULL,NULL,"2019-02-05 13:40:11",NULL,NULL,NULL
103,https://www.amazon.com/dp/B075KK3X8M,1,NULL,NULL,NULL,NULL,"2019-02-05 13:40:11",NULL,NULL,NULL
104,https://www.amazon.com/dp/B075JRG6FK,1,NULL,NULL,NULL,NULL,"2019-02-05 13:40:11",NULL,NULL,NULL
105,https://www.amazon.com/dp/B0759R1FSB,1,NULL,NULL,NULL,NULL,"2019-02-05 13:40:11",NULL,NULL,NULL
106,https://www.amazon.com/dp/B0753ZG4GK,1,NULL,NULL,NULL,NULL,"2019-02-05 13:40:11",NULL,NULL,NULL
107,https://www.amazon.com/dp/B074KHTWGX,1,NULL,NULL,NULL,NULL,"2019-02-05 13:40:11",NULL,NULL,NULL
108,https://www.amazon.com/dp/B073ZTRPH1,1,NULL,NULL,NULL,NULL,"2019-02-05 13:40:11",NULL,NULL,NULL
112,https://www.amazon.com/dp/B073RRNHVT,1,NULL,NULL,NULL,NULL,"2019-02-05 13:40:11",NULL,NULL,NULL
113,https://www.amazon.com/dp/B073GM1D45,1,NULL,NULL,NULL,NULL,"2019-02-05 13:40:11",NULL,NULL,NULL
114,https://www.amazon.com/dp/B072XYDXXJ,1,NULL,NULL,NULL,NULL,"2019-02-05 13:40:11",NULL,NULL,NULL
115,https://www.amazon.com/dp/B072F1S5LP,1,NULL,NULL,NULL,NULL,"2019-02-05 13:40:11",NULL,NULL,NULL
116,https://www.amazon.com/dp/B072B66MM7,1,NULL,NULL,NULL,NULL,"2019-02-05 13:40:11",NULL,NULL,NULL
117,https://www.amazon.com/dp/B072B5S855,1,NULL,NULL,NULL,NULL,"2019-02-05 13:40:11",NULL,NULL,NULL
118,https://www.amazon.com/dp/B07282GJVN,1,NULL,NULL,NULL,NULL,"2019-02-05 13:40:11",NULL,NULL,NULL
124,https://www.amazon.com/dp/B07KC844BF,1,NULL,NULL,NULL,NULL,"2019-02-05 13:40:11",NULL,NULL,NULL
125,https://www.amazon.com/dp/B07KB52968,1,NULL,NULL,NULL,NULL,"2019-02-05 13:40:11",NULL,NULL,NULL
131,https://www.amazon.com/dp/B000SKHSRU,1,NULL,NULL,NULL,NULL,"2019-02-05 13:40:12",NULL,NULL,NULL
132,https://www.amazon.com/dp/B075BBSLR2,1,NULL,NULL,NULL,NULL,"2019-02-05 13:40:12",NULL,NULL,NULL
133,https://www.amazon.com/dp/B00CAKOVQM,1,NULL,NULL,NULL,NULL,"2019-02-05 13:40:12",NULL,NULL,NULL
134,https://www.amazon.com/dp/B00Q7WU7LC,1,NULL,NULL,NULL,NULL,"2019-02-05 13:40:12",NULL,NULL,NULL
135,https://www.amazon.com/dp/B00684KFAM,1,NULL,NULL,NULL,NULL,"2019-02-05 13:40:12",NULL,NULL,NULL
136,https://www.amazon.com/dp/B07BHYZRYG,1,NULL,NULL,NULL,NULL,"2019-02-05 13:40:12",NULL,NULL,NULL
137,https://www.amazon.com/dp/B0782168GM,1,NULL,NULL,NULL,NULL,"2019-02-05 13:40:12",NULL,NULL,NULL
138,https://www.amazon.com/dp/B009WQJCLQ,1,NULL,NULL,NULL,NULL,"2019-02-05 13:40:12",NULL,NULL,NULL
139,https://www.amazon.com/dp/B07J1VP47V,1,NULL,NULL,NULL,NULL,"2019-02-05 13:40:12",NULL,NULL,NULL
140,https://www.amazon.com/dp/B00G31YMVS,1,NULL,NULL,NULL,NULL,"2019-02-05 13:40:12",NULL,NULL,NULL
141,https://www.amazon.com/dp/B07KYCFRWK,1,NULL,NULL,NULL,NULL,"2019-02-05 13:40:12",NULL,NULL,NULL
142,https://www.amazon.com/dp/B07FJF9TLJ,1,NULL,NULL,NULL,NULL,"2019-02-05 13:40:12",NULL,NULL,NULL
143,https://www.amazon.com/dp/B01MSGZ2CC,1,NULL,NULL,NULL,NULL,"2019-02-05 13:40:12",NULL,NULL,NULL
144,https://www.amazon.com/dp/B000LPUSJM,1,NULL,NULL,NULL,NULL,"2019-02-05 13:40:12",NULL,NULL,NULL
145,https://www.amazon.com/dp/B077WS1Z8G,1,NULL,NULL,NULL,NULL,"2019-02-05 13:40:12",NULL,NULL,NULL
146,https://www.amazon.com/dp/B01M1DS5VV,1,NULL,NULL,NULL,NULL,"2019-02-05 13:40:12",NULL,NULL,NULL
147,https://www.amazon.com/dp/B00B5SDFRG,1,NULL,NULL,NULL,NULL,"2019-02-05 13:40:12",NULL,NULL,NULL
148,https://www.amazon.com/dp/B074F373RW,1,NULL,NULL,NULL,NULL,"2019-02-05 13:40:12",NULL,NULL,NULL
149,https://www.amazon.com/dp/B07L67QMQ8,1,NULL,NULL,NULL,NULL,"2019-02-05 13:40:12",NULL,NULL,NULL
150,https://www.amazon.com/dp/B072HXD88F,1,NULL,NULL,NULL,NULL,"2019-02-05 13:40:12",NULL,NULL,NULL
151,https://www.amazon.com/dp/B00VHFOV3E,1,NULL,NULL,NULL,NULL,"2019-02-05 13:40:12",NULL,NULL,NULL
152,https://www.amazon.com/dp/B01AMNWF6Q,1,NULL,NULL,NULL,NULL,"2019-02-05 13:40:12",NULL,NULL,NULL
153,https://www.amazon.com/dp/B07BFSPZT6,1,NULL,NULL,NULL,NULL,"2019-02-05 13:40:12",NULL,NULL,NULL
154,https://www.amazon.com/dp/B01LVTVF2W,1,NULL,NULL,NULL,NULL,"2019-02-05 13:40:12",NULL,NULL,NULL
158,https://www.amazon.com/dp/B071VKJKTN,1,NULL,NULL,NULL,NULL,"2019-02-05 13:40:13",NULL,NULL,NULL
159,https://www.amazon.com/dp/B071LKDSJY,1,NULL,NULL,NULL,NULL,"2019-02-05 13:40:13",NULL,NULL,NULL
160,https://www.amazon.com/dp/B01N79TOT7,1,NULL,NULL,NULL,NULL,"2019-02-05 13:40:13",NULL,NULL,NULL
161,https://www.amazon.com/dp/B01JOGVCCU,1,NULL,NULL,NULL,NULL,"2019-02-05 13:40:13",NULL,NULL,NULL
162,https://www.amazon.com/dp/B01IFFCBD0,1,NULL,NULL,NULL,NULL,"2019-02-05 13:40:13",NULL,NULL,NULL
163,https://www.amazon.com/dp/B01H3ZZ2YI,1,NULL,NULL,NULL,NULL,"2019-02-05 13:40:13",NULL,NULL,NULL
164,https://www.amazon.com/dp/B01H2JBGXG,1,NULL,NULL,NULL,NULL,"2019-02-05 13:40:13",NULL,NULL,NULL
165,https://www.amazon.com/dp/B01CL2U39C,1,NULL,NULL,NULL,NULL,"2019-02-05 13:40:13",NULL,NULL,NULL
166,https://www.amazon.com/dp/B00WZ351W2,1,NULL,NULL,NULL,NULL,"2019-02-05 13:40:13",NULL,NULL,NULL
167,https://www.amazon.com/dp/B00TPX4CRU,1,NULL,NULL,NULL,NULL,"2019-02-05 13:40:13",NULL,NULL,NULL
168,https://www.amazon.com/dp/B07CS9N2PD,1,NULL,NULL,NULL,NULL,"2019-02-05 13:40:13",NULL,NULL,NULL
169,https://www.amazon.com/dp/B078H1J5NT,1,NULL,NULL,NULL,NULL,"2019-02-05 13:40:13",NULL,NULL,NULL
170,https://www.amazon.com/dp/B07894PNFB,1,NULL,NULL,NULL,NULL,"2019-02-05 13:40:13",NULL,NULL,NULL
171,https://www.amazon.com/dp/B077XT7JVW,1,NULL,NULL,NULL,NULL,"2019-02-05 13:40:13",NULL,NULL,NULL
172,https://www.amazon.com/dp/B0779KTDYT,1,NULL,NULL,NULL,NULL,"2019-02-05 13:40:13",NULL,NULL,NULL
176,https://www.amazon.com/dp/B01ACHARYE,1,NULL,NULL,NULL,NULL,"2019-02-05 13:40:14",NULL,NULL,NULL
177,https://www.amazon.com/dp/B01ACHAR30,1,NULL,NULL,NULL,NULL,"2019-02-05 13:40:14",NULL,NULL,NULL
178,https://www.amazon.com/dp/B01ACHAQ2M,1,NULL,NULL,NULL,NULL,"2019-02-05 13:40:14",NULL,NULL,NULL
179,https://www.amazon.com/dp/B018OANX88,1,NULL,NULL,NULL,NULL,"2019-02-05 13:40:14",NULL,NULL,NULL
180,https://www.amazon.com/dp/B018LI54Z8,1,NULL,NULL,NULL,NULL,"2019-02-05 13:40:14",NULL,NULL,NULL
181,https://www.amazon.com/dp/B014M3WCWE,1,NULL,NULL,NULL,NULL,"2019-02-05 13:40:14",NULL,NULL,NULL
182,https://www.amazon.com/dp/B0145IZOOE,1,NULL,NULL,NULL,NULL,"2019-02-05 13:40:14",NULL,NULL,NULL
183,https://www.amazon.com/dp/B010UV2YHK,1,NULL,NULL,NULL,NULL,"2019-02-05 13:40:14",NULL,NULL,NULL
184,https://www.amazon.com/dp/B010UUTEQK,1,NULL,NULL,NULL,NULL,"2019-02-05 13:40:14",NULL,NULL,NULL
185,https://www.amazon.com/dp/B00YPW388U,1,NULL,NULL,NULL,NULL,"2019-02-05 13:40:14",NULL,NULL,NULL
188,https://www.amazon.com/dp/B00YFK8YEA,1,NULL,NULL,NULL,NULL,"2019-02-05 13:40:14",NULL,NULL,NULL
189,https://www.amazon.com/dp/B00YFJ4DP0,1,NULL,NULL,NULL,NULL,"2019-02-05 13:40:14",NULL,NULL,NULL
190,https://www.amazon.com/dp/B00YF8R498,1,NULL,NULL,NULL,NULL,"2019-02-05 13:40:14",NULL,NULL,NULL
191,https://www.amazon.com/dp/B00YF71VOS,1,NULL,NULL,NULL,NULL,"2019-02-05 13:40:14",NULL,NULL,NULL
192,https://www.amazon.com/dp/B00XVRXY84,1,NULL,NULL,NULL,NULL,"2019-02-05 13:40:14",NULL,NULL,NULL
193,https://www.amazon.com/dp/B00TP6243G,1,NULL,NULL,NULL,NULL,"2019-02-05 13:40:14",NULL,NULL,NULL
194,https://www.amazon.com/dp/B00JT6RGT4,1,NULL,NULL,NULL,NULL,"2019-02-05 13:40:14",NULL,NULL,NULL
195,https://www.amazon.com/dp/B00JAPBBQI,1,NULL,NULL,NULL,NULL,"2019-02-05 13:40:14",NULL,NULL,NULL
196,https://www.amazon.com/dp/B00IZCJBJQ,1,NULL,NULL,NULL,NULL,"2019-02-05 13:40:14",NULL,NULL,NULL
197,https://www.amazon.com/dp/B00I09TBY4,1,NULL,NULL,NULL,NULL,"2019-02-05 13:40:14",NULL,NULL,NULL
198,https://www.amazon.com/dp/B00I00CL36,1,NULL,NULL,NULL,NULL,"2019-02-05 13:40:14",NULL,NULL,NULL
199,https://www.amazon.com/dp/B00GXYSOU0,1,NULL,NULL,NULL,NULL,"2019-02-05 13:40:14",NULL,NULL,NULL
203,https://www.amazon.com/dp/B01I03GE3U,1,NULL,NULL,NULL,NULL,"2019-02-05 13:40:14",NULL,NULL,NULL
204,https://www.amazon.com/dp/B01FYFSM6E,1,NULL,NULL,NULL,NULL,"2019-02-05 13:40:14",NULL,NULL,NULL
205,https://www.amazon.com/dp/B01F9LT6LS,1,NULL,NULL,NULL,NULL,"2019-02-05 13:40:14",NULL,NULL,NULL
206,https://www.amazon.com/dp/B01AZYZSA2,1,NULL,NULL,NULL,NULL,"2019-02-05 13:40:14",NULL,NULL,NULL
207,https://www.amazon.com/dp/B016NUAMSA,1,NULL,NULL,NULL,NULL,"2019-02-05 13:40:14",NULL,NULL,NULL
208,https://www.amazon.com/dp/B0168YE4SK,1,NULL,NULL,NULL,NULL,"2019-02-05 13:40:14",NULL,NULL,NULL
209,https://www.amazon.com/dp/B013ILK2S2,1,NULL,NULL,NULL,NULL,"2019-02-05 13:40:14",NULL,NULL,NULL
210,https://www.amazon.com/dp/B00W693CJO,1,NULL,NULL,NULL,NULL,"2019-02-05 13:40:14",NULL,NULL,NULL
211,https://www.amazon.com/dp/B00UV4UICA,1,NULL,NULL,NULL,NULL,"2019-02-05 13:40:14",NULL,NULL,NULL
212,https://www.amazon.com/dp/B00R0G7O9W,1,NULL,NULL,NULL,NULL,"2019-02-05 13:40:14",NULL,NULL,NULL
213,https://www.amazon.com/dp/B00ICSF91W,1,NULL,NULL,NULL,NULL,"2019-02-05 13:40:14",NULL,NULL,NULL
214,https://www.amazon.com/dp/B00F30DGJY,1,NULL,NULL,NULL,NULL,"2019-02-05 13:40:14",NULL,NULL,NULL
215,https://www.amazon.com/dp/B003LVEFR4,1,NULL,NULL,NULL,NULL,"2019-02-05 13:40:14",NULL,NULL,NULL
216,https://www.amazon.com/dp/B000UPATV0,1,NULL,NULL,NULL,NULL,"2019-02-05 13:40:14",NULL,NULL,NULL
217,https://www.amazon.com/dp/B073ZRT94P,1,NULL,NULL,NULL,NULL,"2019-02-05 13:40:14",NULL,NULL,NULL
218,https://www.amazon.com/dp/B07NBSPDPQ,1,NULL,NULL,NULL,NULL,"2019-02-05 13:40:14",NULL,NULL,NULL
219,https://www.amazon.com/dp/B0758B2R5S,1,NULL,NULL,NULL,NULL,"2019-02-05 13:40:15",NULL,NULL,NULL
220,https://www.amazon.com/dp/B06XDMQY42,1,NULL,NULL,NULL,NULL,"2019-02-05 13:40:15",NULL,NULL,NULL
221,https://www.amazon.com/dp/B001C1C8GK,1,NULL,NULL,NULL,NULL,"2019-02-05 13:40:15",NULL,NULL,NULL
222,https://www.amazon.com/dp/B077PJ39SN,1,NULL,NULL,NULL,NULL,"2019-02-05 13:40:15",NULL,NULL,NULL
223,https://www.amazon.com/dp/B00N1YQM9A,1,NULL,NULL,NULL,NULL,"2019-02-05 13:40:15",NULL,NULL,NULL
224,https://www.amazon.com/dp/B01K8661B2,1,NULL,NULL,NULL,NULL,"2019-02-05 13:40:15",NULL,NULL,NULL
225,https://www.amazon.com/dp/B07FB9XNHB,1,NULL,NULL,NULL,NULL,"2019-02-05 13:40:15",NULL,NULL,NULL
226,https://www.amazon.com/dp/B07B8MPBCM,1,NULL,NULL,NULL,NULL,"2019-02-05 13:40:15",NULL,NULL,NULL
227,https://www.amazon.com/dp/B01H7JSQNY,1,NULL,NULL,NULL,NULL,"2019-02-05 13:40:15",NULL,NULL,NULL
228,https://www.amazon.com/dp/B06XYRKYLG,1,NULL,NULL,NULL,NULL,"2019-02-05 13:40:15",NULL,NULL,NULL
229,https://www.amazon.com/dp/B073VYMS2H,1,NULL,NULL,NULL,NULL,"2019-02-05 13:40:15",NULL,NULL,NULL
230,https://www.amazon.com/dp/B07FK5YHVW,1,NULL,NULL,NULL,NULL,"2019-02-05 13:40:15",NULL,NULL,NULL
231,https://www.amazon.com/dp/B01J6LE7LQ,1,NULL,NULL,NULL,NULL,"2019-02-05 13:40:15",NULL,NULL,NULL
232,https://www.amazon.com/dp/B00GDDLP9I,1,NULL,NULL,NULL,NULL,"2019-02-05 13:40:15",NULL,NULL,NULL
233,https://www.amazon.com/dp/B07BP6X958,1,NULL,NULL,NULL,NULL,"2019-02-05 13:40:15",NULL,NULL,NULL
234,https://www.amazon.com/dp/B004N5X2AS,1,NULL,NULL,NULL,NULL,"2019-02-05 13:40:15",NULL,NULL,NULL
235,https://www.amazon.com/dp/B073S6GV72,1,NULL,NULL,NULL,NULL,"2019-02-05 13:40:15",NULL,NULL,NULL
236,https://www.amazon.com/dp/B00SN8AQI2,1,NULL,NULL,NULL,NULL,"2019-02-05 13:40:15",NULL,NULL,NULL
237,https://www.amazon.com/dp/B0074EVT7I,1,NULL,NULL,NULL,NULL,"2019-02-05 13:40:15",NULL,NULL,NULL
238,https://www.amazon.com/dp/B06Y3FTRRQ,1,NULL,NULL,NULL,NULL,"2019-02-05 13:40:16",NULL,NULL,NULL
241,https://www.amazon.com/dp/B07KCDRN34,1,NULL,NULL,NULL,NULL,"2019-02-05 13:40:16",NULL,NULL,NULL
244,https://www.amazon.com/dp/B07KCBCWBL,1,NULL,NULL,NULL,NULL,"2019-02-05 13:40:16",NULL,NULL,NULL
250,https://www.amazon.com/dp/B06Y3V1ZB5,1,NULL,NULL,NULL,NULL,"2019-02-05 13:40:16",NULL,NULL,NULL
252,https://www.amazon.com/dp/B06Y3CPQ1Y,1,NULL,NULL,NULL,NULL,"2019-02-05 13:40:16",NULL,NULL,NULL
258,https://www.amazon.com/dp/B06Y474TQX,1,NULL,NULL,NULL,NULL,"2019-02-05 13:40:17",NULL,NULL,NULL
261,https://www.amazon.com/dp/B06Y42F2VZ,1,NULL,NULL,NULL,NULL,"2019-02-05 13:40:17",NULL,NULL,NULL
267,https://www.amazon.com/dp/B07KPL66KT,1,NULL,NULL,NULL,NULL,"2019-02-05 13:40:17",NULL,NULL,NULL
268,https://www.amazon.com/dp/B07KCL9M58,1,NULL,NULL,NULL,NULL,"2019-02-05 13:40:17",NULL,NULL,NULL
271,https://www.amazon.com/dp/B07KCGNK27,1,NULL,NULL,NULL,NULL,"2019-02-05 13:40:17",NULL,NULL,NULL
274,https://www.amazon.com/dp/B001C1C8FQ,1,NULL,NULL,NULL,NULL,"2019-02-05 13:40:18",NULL,NULL,NULL
275,https://www.amazon.com/dp/B002FZIDKM,1,NULL,NULL,NULL,NULL,"2019-02-05 13:40:18",NULL,NULL,NULL
276,https://www.amazon.com/dp/B00MWWB8R8,1,NULL,NULL,NULL,NULL,"2019-02-05 13:40:18",NULL,NULL,NULL
277,https://www.amazon.com/dp/B0096MEKZ4,1,NULL,NULL,NULL,NULL,"2019-02-05 13:40:18",NULL,NULL,NULL
278,https://www.amazon.com/dp/B07B8PFG32,1,NULL,NULL,NULL,NULL,"2019-02-05 13:40:18",NULL,NULL,NULL
279,https://www.amazon.com/dp/B0781N66SV,1,NULL,NULL,NULL,NULL,"2019-02-05 13:40:18",NULL,NULL,NULL
280,https://www.amazon.com/dp/B07C2MDTC8,1,NULL,NULL,NULL,NULL,"2019-02-05 13:40:18",NULL,NULL,NULL
281,https://www.amazon.com/dp/B004R6I7L2,1,NULL,NULL,NULL,NULL,"2019-02-05 13:40:18",NULL,NULL,NULL
282,https://www.amazon.com/dp/B07FPP733Z,1,NULL,NULL,NULL,NULL,"2019-02-05 13:40:18",NULL,NULL,NULL
283,https://www.amazon.com/dp/B016NUAIF2,1,NULL,NULL,NULL,NULL,"2019-02-05 13:40:18",NULL,NULL,NULL
284,https://www.amazon.com/dp/B06XD1JLJP,1,NULL,NULL,NULL,NULL,"2019-02-05 13:40:18",NULL,NULL,NULL
285,https://www.amazon.com/dp/B00SHDB92K,1,NULL,NULL,NULL,NULL,"2019-02-05 13:40:18",NULL,NULL,NULL
286,https://www.amazon.com/dp/B01F9LT050,1,NULL,NULL,NULL,NULL,"2019-02-05 13:40:18",NULL,NULL,NULL
287,https://www.amazon.com/dp/B01H40MWP4,1,NULL,NULL,NULL,NULL,"2019-02-05 13:40:18",NULL,NULL,NULL
288,https://www.amazon.com/dp/B004KJPVYW,1,NULL,NULL,NULL,NULL,"2019-02-05 13:40:18",NULL,NULL,NULL
289,https://www.amazon.com/dp/B07G9G6QKG,1,NULL,NULL,NULL,NULL,"2019-02-05 13:40:18",NULL,NULL,NULL
290,https://www.amazon.com/dp/B01G7EFJJY,1,NULL,NULL,NULL,NULL,"2019-02-05 13:40:18",NULL,NULL,NULL
291,https://www.amazon.com/dp/B06VV7JZP3,1,NULL,NULL,NULL,NULL,"2019-02-05 13:40:18",NULL,NULL,NULL
293,https://www.amazon.com/dp/B073ZTXTGF,1,NULL,NULL,NULL,NULL,"2019-02-05 13:40:18",NULL,NULL,NULL
294,https://www.amazon.com/dp/B072XYGCMH,1,NULL,NULL,NULL,NULL,"2019-02-05 13:40:18",NULL,NULL,NULL
295,https://www.amazon.com/dp/B0725T57X2,1,NULL,NULL,NULL,NULL,"2019-02-05 13:40:18",NULL,NULL,NULL
296,https://www.amazon.com/dp/B071HYP79W,1,NULL,NULL,NULL,NULL,"2019-02-05 13:40:18",NULL,NULL,NULL
297,https://www.amazon.com/dp/B06Y4J2BTF,1,NULL,NULL,NULL,NULL,"2019-02-05 13:40:18",NULL,NULL,NULL
298,https://www.amazon.com/dp/B06XCH3923,1,NULL,NULL,NULL,NULL,"2019-02-05 13:40:18",NULL,NULL,NULL
299,https://www.amazon.com/dp/B06XC67D1H,1,NULL,NULL,NULL,NULL,"2019-02-05 13:40:18",NULL,NULL,NULL
300,https://www.amazon.com/dp/B01N1F14QL,1,NULL,NULL,NULL,NULL,"2019-02-05 13:40:18",NULL,NULL,NULL
301,https://www.amazon.com/dp/B01MV2DSTX,1,NULL,NULL,NULL,NULL,"2019-02-05 13:40:18",NULL,NULL,NULL
302,https://www.amazon.com/dp/B01MQX3797,1,NULL,NULL,NULL,NULL,"2019-02-05 13:40:18",NULL,NULL,NULL
303,https://www.amazon.com/dp/B01M74J3A6,1,NULL,NULL,NULL,NULL,"2019-02-05 13:40:19",NULL,NULL,NULL
304,https://www.amazon.com/dp/B01I8CYJH6,1,NULL,NULL,NULL,NULL,"2019-02-05 13:40:19",NULL,NULL,NULL
305,https://www.amazon.com/dp/B01I03GH5K,1,NULL,NULL,NULL,NULL,"2019-02-05 13:40:19",NULL,NULL,NULL
310,https://www.amazon.com/dp/B01J6L467G,1,NULL,NULL,NULL,NULL,"2019-02-05 13:40:19",NULL,NULL,NULL
311,https://www.amazon.com/dp/B01IO1YP1G,1,NULL,NULL,NULL,NULL,"2019-02-05 13:40:19",NULL,NULL,NULL
312,https://www.amazon.com/dp/B01IL8MKMI,1,NULL,NULL,NULL,NULL,"2019-02-05 13:40:19",NULL,NULL,NULL
313,https://www.amazon.com/dp/B01IL86SRG,1,NULL,NULL,NULL,NULL,"2019-02-05 13:40:19",NULL,NULL,NULL
314,https://www.amazon.com/dp/B01II481D2,1,NULL,NULL,NULL,NULL,"2019-02-05 13:40:19",NULL,NULL,NULL
315,https://www.amazon.com/dp/B01IFFD4KO,1,NULL,NULL,NULL,NULL,"2019-02-05 13:40:19",NULL,NULL,NULL
316,https://www.amazon.com/dp/B01IFFCUAY,1,NULL,NULL,NULL,NULL,"2019-02-05 13:40:19",NULL,NULL,NULL
317,https://www.amazon.com/dp/B01IFFCPPY,1,NULL,NULL,NULL,NULL,"2019-02-05 13:40:19",NULL,NULL,NULL
318,https://www.amazon.com/dp/B01I03HWVS,1,NULL,NULL,NULL,NULL,"2019-02-05 13:40:19",NULL,NULL,NULL
319,https://www.amazon.com/dp/B01H7JYTYY,1,NULL,NULL,NULL,NULL,"2019-02-05 13:40:19",NULL,NULL,NULL
320,https://www.amazon.com/dp/B01H7JVYNS,1,NULL,NULL,NULL,NULL,"2019-02-05 13:40:19",NULL,NULL,NULL
324,https://www.amazon.com/dp/B01H3Z5X7Y,1,NULL,NULL,NULL,NULL,"2019-02-05 13:40:19",NULL,NULL,NULL
325,https://www.amazon.com/dp/B01H2JDPGC,1,NULL,NULL,NULL,NULL,"2019-02-05 13:40:19",NULL,NULL,NULL
326,https://www.amazon.com/dp/B01F9LSM4A,1,NULL,NULL,NULL,NULL,"2019-02-05 13:40:19",NULL,NULL,NULL
327,https://www.amazon.com/dp/B01F9LSL2I,1,NULL,NULL,NULL,NULL,"2019-02-05 13:40:19",NULL,NULL,NULL
328,https://www.amazon.com/dp/B01ELVBDD6,1,NULL,NULL,NULL,NULL,"2019-02-05 13:40:19",NULL,NULL,NULL
329,https://www.amazon.com/dp/B01E7FVPIE,1,NULL,NULL,NULL,NULL,"2019-02-05 13:40:19",NULL,NULL,NULL
330,https://www.amazon.com/dp/B01DYU01EC,1,NULL,NULL,NULL,NULL,"2019-02-05 13:40:19",NULL,NULL,NULL
331,https://www.amazon.com/dp/B01D8CXF5I,1,NULL,NULL,NULL,NULL,"2019-02-05 13:40:19",NULL,NULL,NULL
332,https://www.amazon.com/dp/B01CH3VOV6,1,NULL,NULL,NULL,NULL,"2019-02-05 13:40:19",NULL,NULL,NULL
333,https://www.amazon.com/dp/B01C7TBID4,1,NULL,NULL,NULL,NULL,"2019-02-05 13:40:19",NULL,NULL,NULL
340,https://www.amazon.com/dp/B06XCXSD97,1,NULL,NULL,NULL,NULL,"2019-02-05 13:40:20",NULL,NULL,NULL
341,https://www.amazon.com/dp/B01EKYZZIS,1,NULL,NULL,NULL,NULL,"2019-02-05 13:40:20",NULL,NULL,NULL
342,https://www.amazon.com/dp/B00ZAZCHDS,1,NULL,NULL,NULL,NULL,"2019-02-05 13:40:20",NULL,NULL,NULL
343,https://www.amazon.com/dp/B00GC0FID6,1,NULL,NULL,NULL,NULL,"2019-02-05 13:40:20",NULL,NULL,NULL
344,https://www.amazon.com/dp/B000B63CDU,1,NULL,NULL,NULL,NULL,"2019-02-05 13:40:20",NULL,NULL,NULL
345,https://www.amazon.com/dp/B07JGP42S9,1,NULL,NULL,NULL,NULL,"2019-02-05 13:40:20",NULL,NULL,NULL
346,https://www.amazon.com/dp/B07FWX5RKC,1,NULL,NULL,NULL,NULL,"2019-02-05 13:40:20",NULL,NULL,NULL
347,https://www.amazon.com/dp/B07CJ844GR,1,NULL,NULL,NULL,NULL,"2019-02-05 13:40:20",NULL,NULL,NULL
348,https://www.amazon.com/dp/B077XWJ8NH,1,NULL,NULL,NULL,NULL,"2019-02-05 13:40:20",NULL,NULL,NULL
349,https://www.amazon.com/dp/B077FWZXTW,1,NULL,NULL,NULL,NULL,"2019-02-05 13:40:20",NULL,NULL,NULL
352,https://www.amazon.com/dp/B071L6YQZT,1,NULL,NULL,NULL,NULL,"2019-02-05 13:40:20",NULL,NULL,NULL
353,https://www.amazon.com/dp/B06XC7YGTM,1,NULL,NULL,NULL,NULL,"2019-02-05 13:40:20",NULL,NULL,NULL
354,https://www.amazon.com/dp/B01JTDW2WC,1,NULL,NULL,NULL,NULL,"2019-02-05 13:40:20",NULL,NULL,NULL
355,https://www.amazon.com/dp/B01H2J79EG,1,NULL,NULL,NULL,NULL,"2019-02-05 13:40:20",NULL,NULL,NULL
356,https://www.amazon.com/dp/B01F9LSK38,1,NULL,NULL,NULL,NULL,"2019-02-05 13:40:20",NULL,NULL,NULL
357,https://www.amazon.com/dp/B0032IKQS8,1,NULL,NULL,NULL,NULL,"2019-02-05 13:40:20",NULL,NULL,NULL
358,https://www.amazon.com/dp/B07FL7WGYN,1,NULL,NULL,NULL,NULL,"2019-02-05 13:40:20",NULL,NULL,NULL
359,https://www.amazon.com/dp/B07BH2XJ2C,1,NULL,NULL,NULL,NULL,"2019-02-05 13:40:20",NULL,NULL,NULL
360,https://www.amazon.com/dp/B07BB7V4RY,1,NULL,NULL,NULL,NULL,"2019-02-05 13:40:20",NULL,NULL,NULL
361,https://www.amazon.com/dp/B075GZDB57,1,NULL,NULL,NULL,NULL,"2019-02-05 13:40:20",NULL,NULL,NULL
367,https://www.amazon.com/dp/B01N814KJT,1,NULL,NULL,NULL,NULL,"2019-02-05 13:40:21",NULL,NULL,NULL
369,https://www.amazon.com/dp/B07JVN463Z,1,NULL,NULL,NULL,NULL,"2019-02-05 13:40:21",NULL,NULL,NULL
370,https://www.amazon.com/dp/B07F91X3FZ,1,NULL,NULL,NULL,NULL,"2019-02-05 13:40:21",NULL,NULL,NULL
371,https://www.amazon.com/dp/B01N6SAA2Z,1,NULL,NULL,NULL,NULL,"2019-02-05 13:40:21",NULL,NULL,NULL
372,https://www.amazon.com/dp/B07MQ8DF4G,1,NULL,NULL,NULL,NULL,"2019-02-05 13:40:21",NULL,NULL,NULL
373,https://www.amazon.com/dp/B07MC328XX,1,NULL,NULL,NULL,NULL,"2019-02-05 13:40:21",NULL,NULL,NULL
374,https://www.amazon.com/dp/B077FJ4N6Z,1,NULL,NULL,NULL,NULL,"2019-02-05 13:40:21",NULL,NULL,NULL
375,https://www.amazon.com/dp/B07FY318ND,1,NULL,NULL,NULL,NULL,"2019-02-05 13:40:21",NULL,NULL,NULL
378,https://www.amazon.com/dp/B07DY6GYKC,1,NULL,NULL,NULL,NULL,"2019-02-05 13:40:21",NULL,NULL,NULL
379,https://www.amazon.com/dp/B01I03G8KE,1,NULL,NULL,NULL,NULL,"2019-02-05 13:40:21",NULL,NULL,NULL
380,https://www.amazon.com/dp/B01F9LSFHO,1,NULL,NULL,NULL,NULL,"2019-02-05 13:40:21",NULL,NULL,NULL
381,https://www.amazon.com/dp/B01EHO5OEG,1,NULL,NULL,NULL,NULL,"2019-02-05 13:40:21",NULL,NULL,NULL
382,https://www.amazon.com/dp/B00SHM169W,1,NULL,NULL,NULL,NULL,"2019-02-05 13:40:21",NULL,NULL,NULL
383,https://www.amazon.com/dp/B07782XZQ9,1,NULL,NULL,NULL,NULL,"2019-02-05 13:40:21",NULL,NULL,NULL
384,https://www.amazon.com/dp/B078KDBF26,1,NULL,NULL,NULL,NULL,"2019-02-05 13:40:21",NULL,NULL,NULL
385,https://www.amazon.com/dp/B074TZMD9X,1,NULL,NULL,NULL,NULL,"2019-02-05 13:40:21",NULL,NULL,NULL
386,https://www.amazon.com/dp/B071D4Y6GV,1,NULL,NULL,NULL,NULL,"2019-02-05 13:40:21",NULL,NULL,NULL
393,https://www.amazon.com/dp/B00GGOICTK,1,NULL,NULL,NULL,NULL,"2019-02-05 13:40:21",NULL,NULL,NULL
394,https://www.amazon.com/dp/B00FVQNRTO,1,NULL,NULL,NULL,NULL,"2019-02-05 13:40:21",NULL,NULL,NULL
395,https://www.amazon.com/dp/B00F94SJLO,1,NULL,NULL,NULL,NULL,"2019-02-05 13:40:21",NULL,NULL,NULL
396,https://www.amazon.com/dp/B00F4W3YFC,1,NULL,NULL,NULL,NULL,"2019-02-05 13:40:21",NULL,NULL,NULL
397,https://www.amazon.com/dp/B00F42ZV4Y,1,NULL,NULL,NULL,NULL,"2019-02-05 13:40:21",NULL,NULL,NULL
398,https://www.amazon.com/dp/B00F40PLEG,1,NULL,NULL,NULL,NULL,"2019-02-05 13:40:21",NULL,NULL,NULL
399,https://www.amazon.com/dp/B00F08U4XU,1,NULL,NULL,NULL,NULL,"2019-02-05 13:40:21",NULL,NULL,NULL
400,https://www.amazon.com/dp/B00F07WKTM,1,NULL,NULL,NULL,NULL,"2019-02-05 13:40:22",NULL,NULL,NULL
401,https://www.amazon.com/dp/B00F06JXUM,1,NULL,NULL,NULL,NULL,"2019-02-05 13:40:22",NULL,NULL,NULL
402,https://www.amazon.com/dp/B00F06C2YQ,1,NULL,NULL,NULL,NULL,"2019-02-05 13:40:22",NULL,NULL,NULL
403,https://www.amazon.com/dp/B00F05U9TW,1,NULL,NULL,NULL,NULL,"2019-02-05 13:40:22",NULL,NULL,NULL
404,https://www.amazon.com/dp/B00E2UREGW,1,NULL,NULL,NULL,NULL,"2019-02-05 13:40:22",NULL,NULL,NULL
408,https://www.amazon.com/dp/B00E2U6MTC,1,NULL,NULL,NULL,NULL,"2019-02-05 13:40:22",NULL,NULL,NULL
409,https://www.amazon.com/dp/B00BLIRF3K,1,NULL,NULL,NULL,NULL,"2019-02-05 13:40:22",NULL,NULL,NULL
410,https://www.amazon.com/dp/B00972J1DY,1,NULL,NULL,NULL,NULL,"2019-02-05 13:40:22",NULL,NULL,NULL
411,https://www.amazon.com/dp/B008DR5OE4,1,NULL,NULL,NULL,NULL,"2019-02-05 13:40:22",NULL,NULL,NULL
412,https://www.amazon.com/dp/B00870OBCI,1,NULL,NULL,NULL,NULL,"2019-02-05 13:40:22",NULL,NULL,NULL
413,https://www.amazon.com/dp/B0081YKIEA,1,NULL,NULL,NULL,NULL,"2019-02-05 13:40:22",NULL,NULL,NULL
414,https://www.amazon.com/dp/B007ZXRE6I,1,NULL,NULL,NULL,NULL,"2019-02-05 13:40:22",NULL,NULL,NULL
415,https://www.amazon.com/dp/B007RT9C9W,1,NULL,NULL,NULL,NULL,"2019-02-05 13:40:22",NULL,NULL,NULL
416,https://www.amazon.com/dp/B007OJR7CE,1,NULL,NULL,NULL,NULL,"2019-02-05 13:40:22",NULL,NULL,NULL
417,https://www.amazon.com/dp/B004WDJF84,1,NULL,NULL,NULL,NULL,"2019-02-05 13:40:22",NULL,NULL,NULL
418,https://www.amazon.com/dp/B004DC5V8M,1,NULL,NULL,NULL,NULL,"2019-02-05 13:40:22",NULL,NULL,NULL
419,https://www.amazon.com/dp/B001RBU7FY,1,NULL,NULL,NULL,NULL,"2019-02-05 13:40:22",NULL,NULL,NULL
426,https://www.amazon.com/dp/B00QL11CHW,1,NULL,NULL,NULL,NULL,"2019-02-05 13:40:22",NULL,NULL,NULL
427,https://www.amazon.com/dp/B00IZUB33U,1,NULL,NULL,NULL,NULL,"2019-02-05 13:40:22",NULL,NULL,NULL
428,https://www.amazon.com/dp/B00GEA4U10,1,NULL,NULL,NULL,NULL,"2019-02-05 13:40:22",NULL,NULL,NULL
429,https://www.amazon.com/dp/B00F0JITMW,1,NULL,NULL,NULL,NULL,"2019-02-05 13:40:22",NULL,NULL,NULL
430,https://www.amazon.com/dp/B009TNJ4VA,1,NULL,NULL,NULL,NULL,"2019-02-05 13:40:22",NULL,NULL,NULL
431,https://www.amazon.com/dp/B004J25XNO,1,NULL,NULL,NULL,NULL,"2019-02-05 13:40:22",NULL,NULL,NULL
432,https://www.amazon.com/dp/B004J22WLK,1,NULL,NULL,NULL,NULL,"2019-02-05 13:40:22",NULL,NULL,NULL
433,https://www.amazon.com/dp/B004298PO8,1,NULL,NULL,NULL,NULL,"2019-02-05 13:40:22",NULL,NULL,NULL
434,https://www.amazon.com/dp/B003KQYT80,1,NULL,NULL,NULL,NULL,"2019-02-05 13:40:22",NULL,NULL,NULL
435,https://www.amazon.com/dp/B000UWJUFO,1,NULL,NULL,NULL,NULL,"2019-02-05 13:40:22",NULL,NULL,NULL
436,https://www.amazon.com/dp/B000TFMZ72,1,NULL,NULL,NULL,NULL,"2019-02-05 13:40:22",NULL,NULL,NULL
437,https://www.amazon.com/dp/B0000WS0QE,1,NULL,NULL,NULL,NULL,"2019-02-05 13:40:22",NULL,NULL,NULL
441,https://www.amazon.com/dp/B07H8587W1,1,NULL,NULL,NULL,NULL,"2019-02-05 13:40:22",NULL,NULL,NULL
442,https://www.amazon.com/dp/B07FKTR21D,1,NULL,NULL,NULL,NULL,"2019-02-05 13:40:22",NULL,NULL,NULL
443,https://www.amazon.com/dp/B07FDGP5P3,1,NULL,NULL,NULL,NULL,"2019-02-05 13:40:22",NULL,NULL,NULL
444,https://www.amazon.com/dp/B07DLGL1C1,1,NULL,NULL,NULL,NULL,"2019-02-05 13:40:22",NULL,NULL,NULL
445,https://www.amazon.com/dp/B07C5G33GZ,1,NULL,NULL,NULL,NULL,"2019-02-05 13:40:22",NULL,NULL,NULL
446,https://www.amazon.com/dp/B07B2MD8RC,1,NULL,NULL,NULL,NULL,"2019-02-05 13:40:22",NULL,NULL,NULL
447,https://www.amazon.com/dp/B078NCG757,1,NULL,NULL,NULL,NULL,"2019-02-05 13:40:22",NULL,NULL,NULL
454,https://www.amazon.com/dp/B01N6V4OFG,1,NULL,NULL,NULL,NULL,"2019-02-05 13:40:23",NULL,NULL,NULL
455,https://www.amazon.com/dp/B01N5LU97B,1,NULL,NULL,NULL,NULL,"2019-02-05 13:40:23",NULL,NULL,NULL
456,https://www.amazon.com/dp/B01N5LU6P1,1,NULL,NULL,NULL,NULL,"2019-02-05 13:40:23",NULL,NULL,NULL
457,https://www.amazon.com/dp/B01N3T0P3I,1,NULL,NULL,NULL,NULL,"2019-02-05 13:40:23",NULL,NULL,NULL
458,https://www.amazon.com/dp/B01N1SYO20,1,NULL,NULL,NULL,NULL,"2019-02-05 13:40:23",NULL,NULL,NULL
459,https://www.amazon.com/dp/B01N02XA8V,1,NULL,NULL,NULL,NULL,"2019-02-05 13:40:23",NULL,NULL,NULL
460,https://www.amazon.com/dp/B01MYQYYCW,1,NULL,NULL,NULL,NULL,"2019-02-05 13:40:23",NULL,NULL,NULL
461,https://www.amazon.com/dp/B01MUHOLI0,1,NULL,NULL,NULL,NULL,"2019-02-05 13:40:23",NULL,NULL,NULL
462,https://www.amazon.com/dp/B01MRG3F22,1,NULL,NULL,NULL,NULL,"2019-02-05 13:40:23",NULL,NULL,NULL
463,https://www.amazon.com/dp/B01MQYQPXO,1,NULL,NULL,NULL,NULL,"2019-02-05 13:40:23",NULL,NULL,NULL
464,https://www.amazon.com/dp/B01MQGGPGY,1,NULL,NULL,NULL,NULL,"2019-02-05 13:40:23",NULL,NULL,NULL
465,https://www.amazon.com/dp/B01M5J4K1X,1,NULL,NULL,NULL,NULL,"2019-02-05 13:40:23",NULL,NULL,NULL
467,https://www.amazon.com/dp/B01M3XOK2C,1,NULL,NULL,NULL,NULL,"2019-02-05 13:40:23",NULL,NULL,NULL
468,https://www.amazon.com/dp/B01M2C9QVM,1,NULL,NULL,NULL,NULL,"2019-02-05 13:40:23",NULL,NULL,NULL
469,https://www.amazon.com/dp/B01M028L5J,1,NULL,NULL,NULL,NULL,"2019-02-05 13:40:23",NULL,NULL,NULL
470,https://www.amazon.com/dp/B01LYLT7DJ,1,NULL,NULL,NULL,NULL,"2019-02-05 13:40:23",NULL,NULL,NULL
471,https://www.amazon.com/dp/B01LWBQXEV,1,NULL,NULL,NULL,NULL,"2019-02-05 13:40:23",NULL,NULL,NULL
472,https://www.amazon.com/dp/B01J6LC470,1,NULL,NULL,NULL,NULL,"2019-02-05 13:40:23",NULL,NULL,NULL
479,https://www.amazon.com/dp/B07MFT7492,1,NULL,NULL,NULL,NULL,"2019-02-05 13:40:24",NULL,NULL,NULL
480,https://www.amazon.com/dp/B07MFBRYC6,1,NULL,NULL,NULL,NULL,"2019-02-05 13:40:24",NULL,NULL,NULL
481,https://www.amazon.com/dp/B07M5M5XPM,1,NULL,NULL,NULL,NULL,"2019-02-05 13:40:24",NULL,NULL,NULL
482,https://www.amazon.com/dp/B07L8NVWSC,1,NULL,NULL,NULL,NULL,"2019-02-05 13:40:24",NULL,NULL,NULL
483,https://www.amazon.com/dp/B07L8MQFM2,1,NULL,NULL,NULL,NULL,"2019-02-05 13:40:24",NULL,NULL,NULL
484,https://www.amazon.com/dp/B07L8MBTLH,1,NULL,NULL,NULL,NULL,"2019-02-05 13:40:24",NULL,NULL,NULL
485,https://www.amazon.com/dp/B07L7159QN,1,NULL,NULL,NULL,NULL,"2019-02-05 13:40:24",NULL,NULL,NULL
486,https://www.amazon.com/dp/B07L69Q6XM,1,NULL,NULL,NULL,NULL,"2019-02-05 13:40:24",NULL,NULL,NULL
487,https://www.amazon.com/dp/B07L65B789,1,NULL,NULL,NULL,NULL,"2019-02-05 13:40:24",NULL,NULL,NULL
488,https://www.amazon.com/dp/B07L39G3MS,1,NULL,NULL,NULL,NULL,"2019-02-05 13:40:24",NULL,NULL,NULL
489,https://www.amazon.com/dp/B07L39577Z,1,NULL,NULL,NULL,NULL,"2019-02-05 13:40:24",NULL,NULL,NULL
492,https://www.amazon.com/dp/B07L37XQ69,1,NULL,NULL,NULL,NULL,"2019-02-05 13:40:24",NULL,NULL,NULL
493,https://www.amazon.com/dp/B07L37RNB2,1,NULL,NULL,NULL,NULL,"2019-02-05 13:40:24",NULL,NULL,NULL
494,https://www.amazon.com/dp/B07L37L46V,1,NULL,NULL,NULL,NULL,"2019-02-05 13:40:24",NULL,NULL,NULL
495,https://www.amazon.com/dp/B07L37GFXG,1,NULL,NULL,NULL,NULL,"2019-02-05 13:40:24",NULL,NULL,NULL
496,https://www.amazon.com/dp/B07L36GTCL,1,NULL,NULL,NULL,NULL,"2019-02-05 13:40:24",NULL,NULL,NULL
497,https://www.amazon.com/dp/B07L367T4B,1,NULL,NULL,NULL,NULL,"2019-02-05 13:40:24",NULL,NULL,NULL
498,https://www.amazon.com/dp/B07L35HZ93,1,NULL,NULL,NULL,NULL,"2019-02-05 13:40:24",NULL,NULL,NULL
499,https://www.amazon.com/dp/B07KYWZRD1,1,NULL,NULL,NULL,NULL,"2019-02-05 13:40:24",NULL,NULL,NULL
500,https://www.amazon.com/dp/B07KXC644Y,1,NULL,NULL,NULL,NULL,"2019-02-05 13:40:24",NULL,NULL,NULL
501,https://www.amazon.com/dp/B07KXBVPM9,1,NULL,NULL,NULL,NULL,"2019-02-05 13:40:24",NULL,NULL,NULL
502,https://www.amazon.com/dp/B07KWFQK9C,1,NULL,NULL,NULL,NULL,"2019-02-05 13:40:24",NULL,NULL,NULL
509,https://www.amazon.com/dp/B01DOKVVZA,1,NULL,NULL,NULL,NULL,"2019-02-05 13:40:24",NULL,NULL,NULL
510,https://www.amazon.com/dp/B0781QF1DJ,1,NULL,NULL,NULL,NULL,"2019-02-05 13:40:24",NULL,NULL,NULL
511,https://www.amazon.com/dp/B00782HSGW,1,NULL,NULL,NULL,NULL,"2019-02-05 13:40:24",NULL,NULL,NULL
512,https://www.amazon.com/dp/B0049P23Y8,1,NULL,NULL,NULL,NULL,"2019-02-05 13:40:24",NULL,NULL,NULL
513,https://www.amazon.com/dp/B00V5BP2H4,1,NULL,NULL,NULL,NULL,"2019-02-05 13:40:24",NULL,NULL,NULL
514,https://www.amazon.com/dp/B07BT1KFPJ,1,NULL,NULL,NULL,NULL,"2019-02-05 13:40:24",NULL,NULL,NULL
515,https://www.amazon.com/dp/B01HZ8UG62,1,NULL,NULL,NULL,NULL,"2019-02-05 13:40:24",NULL,NULL,NULL
516,https://www.amazon.com/dp/B01M1H11KM,1,NULL,NULL,NULL,NULL,"2019-02-05 13:40:24",NULL,NULL,NULL
517,https://www.amazon.com/dp/B07MKYJ5NQ,1,NULL,NULL,NULL,NULL,"2019-02-05 13:40:24",NULL,NULL,NULL
520,https://www.amazon.com/dp/B07BC6G6PK,1,NULL,NULL,NULL,NULL,"2019-02-05 13:40:25",NULL,NULL,NULL
521,https://www.amazon.com/dp/B06X19F4Y7,1,NULL,NULL,NULL,NULL,"2019-02-05 13:40:25",NULL,NULL,NULL
522,https://www.amazon.com/dp/B07F289LC6,1,NULL,NULL,NULL,NULL,"2019-02-05 13:40:25",NULL,NULL,NULL
523,https://www.amazon.com/dp/B07CJKNZDH,1,NULL,NULL,NULL,NULL,"2019-02-05 13:40:25",NULL,NULL,NULL
524,https://www.amazon.com/dp/B07945XGFH,1,NULL,NULL,NULL,NULL,"2019-02-05 13:40:25",NULL,NULL,NULL
525,https://www.amazon.com/dp/B01LW9KEE8,1,NULL,NULL,NULL,NULL,"2019-02-05 13:40:25",NULL,NULL,NULL
526,https://www.amazon.com/dp/B00564HYDG,1,NULL,NULL,NULL,NULL,"2019-02-05 13:40:25",NULL,NULL,NULL
527,https://www.amazon.com/dp/B07MJF7WG5,1,NULL,NULL,NULL,NULL,"2019-02-05 13:40:25",NULL,NULL,NULL
528,https://www.amazon.com/dp/B003IJ9DSK,1,NULL,NULL,NULL,NULL,"2019-02-05 13:40:25",NULL,NULL,NULL
535,https://www.amazon.com/dp/B01I03IAC8,1,NULL,NULL,NULL,NULL,"2019-02-05 13:40:25",NULL,NULL,NULL
536,https://www.amazon.com/dp/B0011P8ICA,1,NULL,NULL,NULL,NULL,"2019-02-05 13:40:25",NULL,NULL,NULL
537,https://www.amazon.com/dp/B07CYLMK3Y,1,NULL,NULL,NULL,NULL,"2019-02-05 13:40:25",NULL,NULL,NULL
538,https://www.amazon.com/dp/B07JQ411TZ,1,NULL,NULL,NULL,NULL,"2019-02-05 13:40:25",NULL,NULL,NULL
539,https://www.amazon.com/dp/B074F3MXG5,1,NULL,NULL,NULL,NULL,"2019-02-05 13:40:25",NULL,NULL,NULL
540,https://www.amazon.com/dp/B07DP44511,1,NULL,NULL,NULL,NULL,"2019-02-05 13:40:25",NULL,NULL,NULL
541,https://www.amazon.com/dp/B075K1YJQG,1,NULL,NULL,NULL,NULL,"2019-02-05 13:40:25",NULL,NULL,NULL
542,https://www.amazon.com/dp/B00X4KQ9RG,1,NULL,NULL,NULL,NULL,"2019-02-05 13:40:25",NULL,NULL,NULL
543,https://www.amazon.com/dp/B076T8M69B,1,NULL,NULL,NULL,NULL,"2019-02-05 13:40:25",NULL,NULL,NULL
544,https://www.amazon.com/dp/B07J55K64F,1,NULL,NULL,NULL,NULL,"2019-02-05 13:40:25",NULL,NULL,NULL
545,https://www.amazon.com/dp/B0791K8KS4,1,NULL,NULL,NULL,NULL,"2019-02-05 13:40:25",NULL,NULL,NULL
548,https://www.amazon.com/dp/B00TQ26BT2,1,NULL,NULL,NULL,NULL,"2019-02-05 13:40:25",NULL,NULL,NULL
549,https://www.amazon.com/dp/B01F48X1BM,1,NULL,NULL,NULL,NULL,"2019-02-05 13:40:25",NULL,NULL,NULL
550,https://www.amazon.com/dp/B016HUSADU,1,NULL,NULL,NULL,NULL,"2019-02-05 13:40:25",NULL,NULL,NULL
551,https://www.amazon.com/dp/B01CFOAC24,1,NULL,NULL,NULL,NULL,"2019-02-05 13:40:25",NULL,NULL,NULL
552,https://www.amazon.com/dp/B003B4BIE4,1,NULL,NULL,NULL,NULL,"2019-02-05 13:40:25",NULL,NULL,NULL
553,https://www.amazon.com/dp/B016NUAO0Q,1,NULL,NULL,NULL,NULL,"2019-02-05 13:40:25",NULL,NULL,NULL
554,https://www.amazon.com/dp/B07KPKRK12,1,NULL,NULL,NULL,NULL,"2019-02-05 13:40:25",NULL,NULL,NULL
555,https://www.amazon.com/dp/B00MYLPX82,1,NULL,NULL,NULL,NULL,"2019-02-05 13:40:25",NULL,NULL,NULL
559,https://www.amazon.com/dp/B07NBGBHLY,1,NULL,NULL,NULL,NULL,"2019-02-05 13:40:26",NULL,NULL,NULL
560,https://www.amazon.com/dp/B07N6DL5T7,1,NULL,NULL,NULL,NULL,"2019-02-05 13:40:26",NULL,NULL,NULL
561,https://www.amazon.com/dp/B07N4LX8FC,1,NULL,NULL,NULL,NULL,"2019-02-05 13:40:26",NULL,NULL,NULL
562,https://www.amazon.com/dp/B07MX3BFNJ,1,NULL,NULL,NULL,NULL,"2019-02-05 13:40:26",NULL,NULL,NULL
563,https://www.amazon.com/dp/B07MVYN1SH,1,NULL,NULL,NULL,NULL,"2019-02-05 13:40:26",NULL,NULL,NULL
564,https://www.amazon.com/dp/B07MR3QTW2,1,NULL,NULL,NULL,NULL,"2019-02-05 13:40:26",NULL,NULL,NULL
565,https://www.amazon.com/dp/B07MQ4LHXK,1,NULL,NULL,NULL,NULL,"2019-02-05 13:40:26",NULL,NULL,NULL
566,https://www.amazon.com/dp/B07MNXNNR5,1,NULL,NULL,NULL,NULL,"2019-02-05 13:40:26",NULL,NULL,NULL
567,https://www.amazon.com/dp/B07MNTSZ81,1,NULL,NULL,NULL,NULL,"2019-02-05 13:40:26",NULL,NULL,NULL
568,https://www.amazon.com/dp/B07MLKXW93,1,NULL,NULL,NULL,NULL,"2019-02-05 13:40:26",NULL,NULL,NULL
569,https://www.amazon.com/dp/B07MKP933M,1,NULL,NULL,NULL,NULL,"2019-02-05 13:40:26",NULL,NULL,NULL
570,https://www.amazon.com/dp/B07MJFBNTP,1,NULL,NULL,NULL,NULL,"2019-02-05 13:40:26",NULL,NULL,NULL
574,https://www.amazon.com/dp/B06XXVVHT4,1,NULL,NULL,NULL,NULL,"2019-02-05 13:40:26",NULL,NULL,NULL
575,https://www.amazon.com/dp/B06XXR9SDW,1,NULL,NULL,NULL,NULL,"2019-02-05 13:40:27",NULL,NULL,NULL
576,https://www.amazon.com/dp/B06XP856XQ,1,NULL,NULL,NULL,NULL,"2019-02-05 13:40:27",NULL,NULL,NULL
577,https://www.amazon.com/dp/B06XP78VR9,1,NULL,NULL,NULL,NULL,"2019-02-05 13:40:27",NULL,NULL,NULL
578,https://www.amazon.com/dp/B06XP7689R,1,NULL,NULL,NULL,NULL,"2019-02-05 13:40:27",NULL,NULL,NULL
579,https://www.amazon.com/dp/B06XP6GZMK,1,NULL,NULL,NULL,NULL,"2019-02-05 13:40:27",NULL,NULL,NULL
580,https://www.amazon.com/dp/B06XP1YYH7,1,NULL,NULL,NULL,NULL,"2019-02-05 13:40:27",NULL,NULL,NULL
581,https://www.amazon.com/dp/B06XKJGRGQ,1,NULL,NULL,NULL,NULL,"2019-02-05 13:40:27",NULL,NULL,NULL
582,https://www.amazon.com/dp/B06XDF467H,1,NULL,NULL,NULL,NULL,"2019-02-05 13:40:27",NULL,NULL,NULL
586,https://www.amazon.com/dp/B06XDCS6G9,1,NULL,NULL,NULL,NULL,"2019-02-05 13:40:27",NULL,NULL,NULL
587,https://www.amazon.com/dp/B06XCPVC7P,1,NULL,NULL,NULL,NULL,"2019-02-05 13:40:27",NULL,NULL,NULL
588,https://www.amazon.com/dp/B06XCGTZFV,1,NULL,NULL,NULL,NULL,"2019-02-05 13:40:27",NULL,NULL,NULL
589,https://www.amazon.com/dp/B06XC61N7L,1,NULL,NULL,NULL,NULL,"2019-02-05 13:40:27",NULL,NULL,NULL
590,https://www.amazon.com/dp/B06XBTLQFP,1,NULL,NULL,NULL,NULL,"2019-02-05 13:40:27",NULL,NULL,NULL
591,https://www.amazon.com/dp/B06X9PZY6Y,1,NULL,NULL,NULL,NULL,"2019-02-05 13:40:27",NULL,NULL,NULL
592,https://www.amazon.com/dp/B06WRMZMKC,1,NULL,NULL,NULL,NULL,"2019-02-05 13:40:27",NULL,NULL,NULL
593,https://www.amazon.com/dp/B01NBZ02T3,1,NULL,NULL,NULL,NULL,"2019-02-05 13:40:27",NULL,NULL,NULL
594,https://www.amazon.com/dp/B01NBNCI1S,1,NULL,NULL,NULL,NULL,"2019-02-05 13:40:27",NULL,NULL,NULL
595,https://www.amazon.com/dp/B01NA6V2PH,1,NULL,NULL,NULL,NULL,"2019-02-05 13:40:27",NULL,NULL,NULL
596,https://www.amazon.com/dp/B01N9JAD6J,1,NULL,NULL,NULL,NULL,"2019-02-05 13:40:27",NULL,NULL,NULL
597,https://www.amazon.com/dp/B01N6WOPRX,1,NULL,NULL,NULL,NULL,"2019-02-05 13:40:27",NULL,NULL,NULL
605,https://www.amazon.com/dp/B0749ZW1LS,1,NULL,NULL,NULL,NULL,"2019-02-05 13:40:27",NULL,NULL,NULL
607,https://www.amazon.com/dp/B06ZYRWX5W,1,NULL,NULL,NULL,NULL,"2019-02-05 13:40:27",NULL,NULL,NULL
608,https://www.amazon.com/dp/B06XYZQKB9,1,NULL,NULL,NULL,NULL,"2019-02-05 13:40:27",NULL,NULL,NULL
609,https://www.amazon.com/dp/B06XPWDQRR,1,NULL,NULL,NULL,NULL,"2019-02-05 13:40:27",NULL,NULL,NULL
610,https://www.amazon.com/dp/B06XCRDZ8K,1,NULL,NULL,NULL,NULL,"2019-02-05 13:40:27",NULL,NULL,NULL
611,https://www.amazon.com/dp/B06XB31B1T,1,NULL,NULL,NULL,NULL,"2019-02-05 13:40:27",NULL,NULL,NULL
612,https://www.amazon.com/dp/B01N1V1Q36,1,NULL,NULL,NULL,NULL,"2019-02-05 13:40:27",NULL,NULL,NULL
615,https://www.amazon.com/dp/B01N0AQZEB,1,NULL,NULL,NULL,NULL,"2019-02-05 13:40:27",NULL,NULL,NULL
616,https://www.amazon.com/dp/B01MTKKD6N,1,NULL,NULL,NULL,NULL,"2019-02-05 13:40:27",NULL,NULL,NULL
617,https://www.amazon.com/dp/B01H7JRDIS,1,NULL,NULL,NULL,NULL,"2019-02-05 13:40:27",NULL,NULL,NULL
618,https://www.amazon.com/dp/B01CLX24F2,1,NULL,NULL,NULL,NULL,"2019-02-05 13:40:27",NULL,NULL,NULL
619,https://www.amazon.com/dp/B01C7T5RHM,1,NULL,NULL,NULL,NULL,"2019-02-05 13:40:27",NULL,NULL,NULL
620,https://www.amazon.com/dp/B01BVZMVMM,1,NULL,NULL,NULL,NULL,"2019-02-05 13:40:27",NULL,NULL,NULL
621,https://www.amazon.com/dp/B018LHQW3W,1,NULL,NULL,NULL,NULL,"2019-02-05 13:40:27",NULL,NULL,NULL
622,https://www.amazon.com/dp/B016DU73ZA,1,NULL,NULL,NULL,NULL,"2019-02-05 13:40:27",NULL,NULL,NULL
623,https://www.amazon.com/dp/B015RMXSSQ,1,NULL,NULL,NULL,NULL,"2019-02-05 13:40:27",NULL,NULL,NULL
624,https://www.amazon.com/dp/B013IL9Z5S,1,NULL,NULL,NULL,NULL,"2019-02-05 13:40:27",NULL,NULL,NULL
631,https://www.amazon.com/dp/B001GOODSY,1,NULL,NULL,NULL,NULL,"2019-02-05 13:40:28",NULL,NULL,NULL
632,https://www.amazon.com/dp/B00151UBOS,1,NULL,NULL,NULL,NULL,"2019-02-05 13:40:28",NULL,NULL,NULL
633,https://www.amazon.com/dp/B000S5KY8A,1,NULL,NULL,NULL,NULL,"2019-02-05 13:40:28",NULL,NULL,NULL
634,https://www.amazon.com/dp/B000OY0KWU,1,NULL,NULL,NULL,NULL,"2019-02-05 13:40:28",NULL,NULL,NULL
635,https://www.amazon.com/dp/B000HKC7CM,1,NULL,NULL,NULL,NULL,"2019-02-05 13:40:28",NULL,NULL,NULL
636,https://www.amazon.com/dp/B0002L06JM,1,NULL,NULL,NULL,NULL,"2019-02-05 13:40:28",NULL,NULL,NULL
637,https://www.amazon.com/dp/B0002E2GBK,1,NULL,NULL,NULL,NULL,"2019-02-05 13:40:28",NULL,NULL,NULL
638,https://www.amazon.com/dp/B0002D006O,1,NULL,NULL,NULL,NULL,"2019-02-05 13:40:28",NULL,NULL,NULL
639,https://www.amazon.com/dp/B00U7ZTMXE,1,NULL,NULL,NULL,NULL,"2019-02-05 13:40:28",NULL,NULL,NULL
640,https://www.amazon.com/dp/B005UREGIA,1,NULL,NULL,NULL,NULL,"2019-02-05 13:40:28",NULL,NULL,NULL
641,https://www.amazon.com/dp/B0010CADXG,1,NULL,NULL,NULL,NULL,"2019-02-05 13:40:28",NULL,NULL,NULL
650,https://www.amazon.com/dp/B00E3GFCX2,1,NULL,NULL,NULL,NULL,"2019-02-05 13:40:29",NULL,NULL,NULL
651,https://www.amazon.com/dp/B00GM839U2,1,NULL,NULL,NULL,NULL,"2019-02-05 13:40:29",NULL,NULL,NULL
652,https://www.amazon.com/dp/B00OU28JLG,1,NULL,NULL,NULL,NULL,"2019-02-05 13:40:29",NULL,NULL,NULL
653,https://www.amazon.com/dp/B07G9DCV14,1,NULL,NULL,NULL,NULL,"2019-02-05 13:40:29",NULL,NULL,NULL
654,https://www.amazon.com/dp/B06XQ54CJH,1,NULL,NULL,NULL,NULL,"2019-02-05 13:40:29",NULL,NULL,NULL
655,https://www.amazon.com/dp/B00B3FPX6W,1,NULL,NULL,NULL,NULL,"2019-02-05 13:40:29",NULL,NULL,NULL
656,https://www.amazon.com/dp/B007VQIICS,1,NULL,NULL,NULL,NULL,"2019-02-05 13:40:29",NULL,NULL,NULL
657,https://www.amazon.com/dp/B015ZWHEBK,1,NULL,NULL,NULL,NULL,"2019-02-05 13:40:29",NULL,NULL,NULL
658,https://www.amazon.com/dp/B00UV3O610,1,NULL,NULL,NULL,NULL,"2019-02-05 13:40:29",NULL,NULL,NULL
659,https://www.amazon.com/dp/B001DCN178,1,NULL,NULL,NULL,NULL,"2019-02-05 13:40:29",NULL,NULL,NULL
660,https://www.amazon.com/dp/B01HQVCXTQ,1,NULL,NULL,NULL,NULL,"2019-02-05 13:40:29",NULL,NULL,NULL
661,https://www.amazon.com/dp/B004J96JTO,1,NULL,NULL,NULL,NULL,"2019-02-05 13:40:29",NULL,NULL,NULL
665,https://www.amazon.com/dp/B01LX9S0LT,1,NULL,NULL,NULL,NULL,"2019-02-05 13:40:29",NULL,NULL,NULL
666,https://www.amazon.com/dp/B016ME7TE2,1,NULL,NULL,NULL,NULL,"2019-02-05 13:40:29",NULL,NULL,NULL
667,https://www.amazon.com/dp/B07DR2XM4R,1,NULL,NULL,NULL,NULL,"2019-02-05 13:40:29",NULL,NULL,NULL
668,https://www.amazon.com/dp/B01M3VIPC4,1,NULL,NULL,NULL,NULL,"2019-02-05 13:40:29",NULL,NULL,NULL
669,https://www.amazon.com/dp/B014KDSTKK,1,NULL,NULL,NULL,NULL,"2019-02-05 13:40:29",NULL,NULL,NULL
670,https://www.amazon.com/dp/B0013MSIA8,1,NULL,NULL,NULL,NULL,"2019-02-05 13:40:29",NULL,NULL,NULL
671,https://www.amazon.com/dp/B07JHQBB5G,1,NULL,NULL,NULL,NULL,"2019-02-05 13:40:29",NULL,NULL,NULL
672,https://www.amazon.com/dp/B07BT23Q84,1,NULL,NULL,NULL,NULL,"2019-02-05 13:40:29",NULL,NULL,NULL
673,https://www.amazon.com/dp/B01M2VMRCB,1,NULL,NULL,NULL,NULL,"2019-02-05 13:40:29",NULL,NULL,NULL
680,https://www.amazon.com/dp/B079Z9S4GT,1,NULL,NULL,NULL,NULL,"2019-02-05 13:40:29",NULL,NULL,NULL
681,https://www.amazon.com/dp/B079Z99V9P,1,NULL,NULL,NULL,NULL,"2019-02-05 13:40:29",NULL,NULL,NULL
682,https://www.amazon.com/dp/B079Z6VLVX,1,NULL,NULL,NULL,NULL,"2019-02-05 13:40:29",NULL,NULL,NULL
683,https://www.amazon.com/dp/B079X4SNRQ,1,NULL,NULL,NULL,NULL,"2019-02-05 13:40:29",NULL,NULL,NULL
684,https://www.amazon.com/dp/B0798VFMF5,1,NULL,NULL,NULL,NULL,"2019-02-05 13:40:29",NULL,NULL,NULL
685,https://www.amazon.com/dp/B078WNC55K,1,NULL,NULL,NULL,NULL,"2019-02-05 13:40:29",NULL,NULL,NULL
686,https://www.amazon.com/dp/B078HXDKN7,1,NULL,NULL,NULL,NULL,"2019-02-05 13:40:29",NULL,NULL,NULL
687,https://www.amazon.com/dp/B0787TXZBV,1,NULL,NULL,NULL,NULL,"2019-02-05 13:40:29",NULL,NULL,NULL
690,https://www.amazon.com/dp/B0787G35W1,1,NULL,NULL,NULL,NULL,"2019-02-05 13:40:29",NULL,NULL,NULL
691,https://www.amazon.com/dp/B077V4HHTZ,1,NULL,NULL,NULL,NULL,"2019-02-05 13:40:29",NULL,NULL,NULL
692,https://www.amazon.com/dp/B077G9QY3M,1,NULL,NULL,NULL,NULL,"2019-02-05 13:40:29",NULL,NULL,NULL
693,https://www.amazon.com/dp/B0774S64DM,1,NULL,NULL,NULL,NULL,"2019-02-05 13:40:29",NULL,NULL,NULL
694,https://www.amazon.com/dp/B0774LD5NN,1,NULL,NULL,NULL,NULL,"2019-02-05 13:40:29",NULL,NULL,NULL
695,https://www.amazon.com/dp/B07659QNQ4,1,NULL,NULL,NULL,NULL,"2019-02-05 13:40:30",NULL,NULL,NULL
696,https://www.amazon.com/dp/B0762RPPC8,1,NULL,NULL,NULL,NULL,"2019-02-05 13:40:30",NULL,NULL,NULL
697,https://www.amazon.com/dp/B075Y4CDHV,1,NULL,NULL,NULL,NULL,"2019-02-05 13:40:30",NULL,NULL,NULL
698,https://www.amazon.com/dp/B075X4G2YC,1,NULL,NULL,NULL,NULL,"2019-02-05 13:40:30",NULL,NULL,NULL
705,https://www.amazon.com/dp/B07H856F71,1,NULL,NULL,NULL,NULL,"2019-02-05 13:40:30",NULL,NULL,NULL
706,https://www.amazon.com/dp/B07H84YPBX,1,NULL,NULL,NULL,NULL,"2019-02-05 13:40:30",NULL,NULL,NULL
707,https://www.amazon.com/dp/B07H83VH6Z,1,NULL,NULL,NULL,NULL,"2019-02-05 13:40:30",NULL,NULL,NULL
708,https://www.amazon.com/dp/B07H5R5GYH,1,NULL,NULL,NULL,NULL,"2019-02-05 13:40:30",NULL,NULL,NULL
709,https://www.amazon.com/dp/B07H5Q8JRP,1,NULL,NULL,NULL,NULL,"2019-02-05 13:40:30",NULL,NULL,NULL
710,https://www.amazon.com/dp/B07GT5ZHSJ,1,NULL,NULL,NULL,NULL,"2019-02-05 13:40:30",NULL,NULL,NULL
711,https://www.amazon.com/dp/B07GFQVFHB,1,NULL,NULL,NULL,NULL,"2019-02-05 13:40:30",NULL,NULL,NULL
712,https://www.amazon.com/dp/B07GFNJZ9D,1,NULL,NULL,NULL,NULL,"2019-02-05 13:40:30",NULL,NULL,NULL
715,https://www.amazon.com/dp/B07GDSWV6T,1,NULL,NULL,NULL,NULL,"2019-02-05 13:40:30",NULL,NULL,NULL
716,https://www.amazon.com/dp/B07GDSN9N1,1,NULL,NULL,NULL,NULL,"2019-02-05 13:40:30",NULL,NULL,NULL
717,https://www.amazon.com/dp/B07G5XNMGS,1,NULL,NULL,NULL,NULL,"2019-02-05 13:40:30",NULL,NULL,NULL
718,https://www.amazon.com/dp/B07G3G1B27,1,NULL,NULL,NULL,NULL,"2019-02-05 13:40:30",NULL,NULL,NULL
719,https://www.amazon.com/dp/B07G3FL5Q6,1,NULL,NULL,NULL,NULL,"2019-02-05 13:40:30",NULL,NULL,NULL
722,https://www.amazon.com/dp/B005Q22HV2,1,NULL,NULL,NULL,NULL,"2019-02-05 13:40:31",NULL,NULL,NULL
723,https://www.amazon.com/dp/B00B5SKWBS,1,NULL,NULL,NULL,NULL,"2019-02-05 13:40:31",NULL,NULL,NULL
724,https://www.amazon.com/dp/B01HED0RRQ,1,NULL,NULL,NULL,NULL,"2019-02-05 13:40:31",NULL,NULL,NULL
725,https://www.amazon.com/dp/B0002H0H68,1,NULL,NULL,NULL,NULL,"2019-02-05 13:40:31",NULL,NULL,NULL
726,https://www.amazon.com/dp/B00B5S93OK,1,NULL,NULL,NULL,NULL,"2019-02-05 13:40:31",NULL,NULL,NULL
727,https://www.amazon.com/dp/B0161LXW06,1,NULL,NULL,NULL,NULL,"2019-02-05 13:40:31",NULL,NULL,NULL
728,https://www.amazon.com/dp/B0711M67D4,1,NULL,NULL,NULL,NULL,"2019-02-05 13:40:31",NULL,NULL,NULL
730,https://www.amazon.com/dp/B0081GR8ZA,1,NULL,NULL,NULL,NULL,"2019-02-05 13:40:31",NULL,NULL,NULL
731,https://www.amazon.com/dp/B071XHM99Y,1,NULL,NULL,NULL,NULL,"2019-02-05 13:40:31",NULL,NULL,NULL
734,https://www.amazon.com/dp/B00CXSJUZS,1,NULL,NULL,NULL,NULL,"2019-02-05 13:40:31",NULL,NULL,NULL
735,https://www.amazon.com/dp/B00FFLT7CG,1,NULL,NULL,NULL,NULL,"2019-02-05 13:40:31",NULL,NULL,NULL
736,https://www.amazon.com/dp/B06VW1FQF2,1,NULL,NULL,NULL,NULL,"2019-02-05 13:40:31",NULL,NULL,NULL
737,https://www.amazon.com/dp/B06XT8LFHT,1,NULL,NULL,NULL,NULL,"2019-02-05 13:40:31",NULL,NULL,NULL
740,https://www.amazon.com/dp/B074KCBLQ8,1,NULL,NULL,NULL,NULL,"2019-02-05 13:40:31",NULL,NULL,NULL
741,https://www.amazon.com/dp/B07MRDRNQV,1,NULL,NULL,NULL,NULL,"2019-02-05 13:40:31",NULL,NULL,NULL
743,https://www.amazon.com/dp/B0758S8YPV,1,NULL,NULL,NULL,NULL,"2019-02-05 13:40:31",NULL,NULL,NULL
748,https://www.amazon.com/dp/B07C2JLMRZ,1,NULL,NULL,NULL,NULL,"2019-02-05 13:40:32",NULL,NULL,NULL
749,https://www.amazon.com/dp/B07B8MLKGN,1,NULL,NULL,NULL,NULL,"2019-02-05 13:40:32",NULL,NULL,NULL
750,https://www.amazon.com/dp/B01AYTS1AC,1,NULL,NULL,NULL,NULL,"2019-02-05 13:40:32",NULL,NULL,NULL
751,https://www.amazon.com/dp/B00UJ9LHM2,1,NULL,NULL,NULL,NULL,"2019-02-05 13:40:32",NULL,NULL,NULL
752,https://www.amazon.com/dp/B01MG2G73P,1,NULL,NULL,NULL,NULL,"2019-02-05 13:40:32",NULL,NULL,NULL
753,https://www.amazon.com/dp/B00UU6BKR6,1,NULL,NULL,NULL,NULL,"2019-02-05 13:40:32",NULL,NULL,NULL
754,https://www.amazon.com/dp/B003HIC3HU,1,NULL,NULL,NULL,NULL,"2019-02-05 13:40:32",NULL,NULL,NULL
755,https://www.amazon.com/dp/B07D6WVKD8,1,NULL,NULL,NULL,NULL,"2019-02-05 13:40:32",NULL,NULL,NULL
756,https://www.amazon.com/dp/B06XNNLDHH,1,NULL,NULL,NULL,NULL,"2019-02-05 13:40:32",NULL,NULL,NULL
759,https://www.amazon.com/dp/B013B4MCRA,1,NULL,NULL,NULL,NULL,"2019-02-05 13:40:32",NULL,NULL,NULL
760,https://www.amazon.com/dp/B01BW1CE36,1,NULL,NULL,NULL,NULL,"2019-02-05 13:40:32",NULL,NULL,NULL
761,https://www.amazon.com/dp/B0781S23QZ,1,NULL,NULL,NULL,NULL,"2019-02-05 13:40:32",NULL,NULL,NULL
762,https://www.amazon.com/dp/B0724ZPT37,1,NULL,NULL,NULL,NULL,"2019-02-05 13:40:32",NULL,NULL,NULL
763,https://www.amazon.com/dp/B01N4CF9SR,1,NULL,NULL,NULL,NULL,"2019-02-05 13:40:32",NULL,NULL,NULL
764,https://www.amazon.com/dp/B00V5BKZ62,1,NULL,NULL,NULL,NULL,"2019-02-05 13:40:32",NULL,NULL,NULL
765,https://www.amazon.com/dp/B004W94C5O,1,NULL,NULL,NULL,NULL,"2019-02-05 13:40:32",NULL,NULL,NULL
766,https://www.amazon.com/dp/B079PJKXZB,1,NULL,NULL,NULL,NULL,"2019-02-05 13:40:32",NULL,NULL,NULL
767,https://www.amazon.com/dp/B072LQTPQP,1,NULL,NULL,NULL,NULL,"2019-02-05 13:40:32",NULL,NULL,NULL
768,https://www.amazon.com/dp/B06XKD686C,1,NULL,NULL,NULL,NULL,"2019-02-05 13:40:32",NULL,NULL,NULL
769,https://www.amazon.com/dp/B01IFFC9TG,1,NULL,NULL,NULL,NULL,"2019-02-05 13:40:32",NULL,NULL,NULL
770,https://www.amazon.com/dp/B01H7KCRF6,1,NULL,NULL,NULL,NULL,"2019-02-05 13:40:32",NULL,NULL,NULL
776,https://www.amazon.com/dp/B01M13GY9U,1,NULL,NULL,NULL,NULL,"2019-02-05 13:40:32",NULL,NULL,NULL
777,https://www.amazon.com/dp/B001U5JESS,1,NULL,NULL,NULL,NULL,"2019-02-05 13:40:32",NULL,NULL,NULL
778,https://www.amazon.com/dp/B07F43D598,1,NULL,NULL,NULL,NULL,"2019-02-05 13:40:32",NULL,NULL,NULL
779,https://www.amazon.com/dp/B06XY4JFBH,1,NULL,NULL,NULL,NULL,"2019-02-05 13:40:32",NULL,NULL,NULL
780,https://www.amazon.com/dp/B06XC8RMYL,1,NULL,NULL,NULL,NULL,"2019-02-05 13:40:32",NULL,NULL,NULL
781,https://www.amazon.com/dp/B01LYB0IFP,1,NULL,NULL,NULL,NULL,"2019-02-05 13:40:32",NULL,NULL,NULL
782,https://www.amazon.com/dp/B01H3Z3OKW,1,NULL,NULL,NULL,NULL,"2019-02-05 13:40:32",NULL,NULL,NULL
783,https://www.amazon.com/dp/B018LFWP1W,1,NULL,NULL,NULL,NULL,"2019-02-05 13:40:32",NULL,NULL,NULL
784,https://www.amazon.com/dp/B007JZ0L4Y,1,NULL,NULL,NULL,NULL,"2019-02-05 13:40:32",NULL,NULL,NULL
788,https://www.amazon.com/dp/4056051836,1,NULL,NULL,NULL,NULL,"2019-02-05 13:40:33",NULL,NULL,NULL
789,https://www.amazon.com/dp/B07GBGC7PV,1,NULL,NULL,NULL,NULL,"2019-02-05 13:40:33",NULL,NULL,NULL
790,https://www.amazon.com/dp/B01H3ZQZPS,1,NULL,NULL,NULL,NULL,"2019-02-05 13:40:33",NULL,NULL,NULL
791,https://www.amazon.com/dp/B01F48YLDO,1,NULL,NULL,NULL,NULL,"2019-02-05 13:40:33",NULL,NULL,NULL
792,https://www.amazon.com/dp/B00K0M5C5Q,1,NULL,NULL,NULL,NULL,"2019-02-05 13:40:33",NULL,NULL,NULL
793,https://www.amazon.com/dp/B07GFQLSW2,1,NULL,NULL,NULL,NULL,"2019-02-05 13:40:33",NULL,NULL,NULL
794,https://www.amazon.com/dp/B00G2CPOO2,1,NULL,NULL,NULL,NULL,"2019-02-05 13:40:33",NULL,NULL,NULL
795,https://www.amazon.com/dp/B07K17KJ6C,1,NULL,NULL,NULL,NULL,"2019-02-05 13:40:33",NULL,NULL,NULL
796,https://www.amazon.com/dp/B01M0DUQOU,1,NULL,NULL,NULL,NULL,"2019-02-05 13:40:33",NULL,NULL,NULL
797,https://www.amazon.com/dp/B01LIB7534,1,NULL,NULL,NULL,NULL,"2019-02-05 13:40:33",NULL,NULL,NULL
803,https://www.amazon.com/dp/B07JJPPV2J,1,NULL,NULL,NULL,NULL,"2019-02-05 13:40:33",NULL,NULL,NULL
804,https://www.amazon.com/dp/B07GKB1TXG,1,NULL,NULL,NULL,NULL,"2019-02-05 13:40:33",NULL,NULL,NULL
805,https://www.amazon.com/dp/B009AK3NDW,1,NULL,NULL,NULL,NULL,"2019-02-05 13:40:33",NULL,NULL,NULL
807,https://www.amazon.com/dp/B01M1OX3EL,1,NULL,NULL,NULL,NULL,"2019-02-05 13:40:33",NULL,NULL,NULL
809,https://www.amazon.com/dp/071190653X,1,NULL,NULL,NULL,NULL,"2019-02-05 13:40:33",NULL,NULL,NULL
810,https://www.amazon.com/dp/B01LVZYQT4,1,NULL,NULL,NULL,NULL,"2019-02-05 13:40:33",NULL,NULL,NULL
811,https://www.amazon.com/dp/B06XP6TY8Y,1,NULL,NULL,NULL,NULL,"2019-02-05 13:40:33",NULL,NULL,NULL
813,https://www.amazon.com/dp/B075FB71QM,1,NULL,NULL,NULL,NULL,"2019-02-05 13:40:33",NULL,NULL,NULL
814,https://www.amazon.com/dp/B079K9QTJ7,1,NULL,NULL,NULL,NULL,"2019-02-05 13:40:33",NULL,NULL,NULL
818,https://www.amazon.com/dp/B075XT7ZDR,1,NULL,NULL,NULL,NULL,"2019-02-05 13:40:33",NULL,NULL,NULL
819,https://www.amazon.com/dp/B0793292MR,1,NULL,NULL,NULL,NULL,"2019-02-05 13:40:33",NULL,NULL,NULL
820,https://www.amazon.com/dp/B075HNRPTJ,1,NULL,NULL,NULL,NULL,"2019-02-05 13:40:33",NULL,NULL,NULL
821,https://www.amazon.com/dp/B001AQF5L2,1,NULL,NULL,NULL,NULL,"2019-02-05 13:40:33",NULL,NULL,NULL
822,https://www.amazon.com/dp/B06XP682L6,1,NULL,NULL,NULL,NULL,"2019-02-05 13:40:33",NULL,NULL,NULL
823,https://www.amazon.com/dp/B07CNMP1BL,1,NULL,NULL,NULL,NULL,"2019-02-05 13:40:33",NULL,NULL,NULL
824,https://www.amazon.com/dp/B00CXSJTPE,1,NULL,NULL,NULL,NULL,"2019-02-05 13:40:33",NULL,NULL,NULL
825,https://www.amazon.com/dp/B0799HXGFB,1,NULL,NULL,NULL,NULL,"2019-02-05 13:40:33",NULL,NULL,NULL
826,https://www.amazon.com/dp/B00WHDPSWI,1,NULL,NULL,NULL,NULL,"2019-02-05 13:40:33",NULL,NULL,NULL
827,https://www.amazon.com/dp/B07C592M9C,1,NULL,NULL,NULL,NULL,"2019-02-05 13:40:33",NULL,NULL,NULL
828,https://www.amazon.com/dp/B07G5L3L3J,1,NULL,NULL,NULL,NULL,"2019-02-05 13:40:34",NULL,NULL,NULL
834,https://www.amazon.com/dp/B07JQ3X8NR,1,NULL,NULL,NULL,NULL,"2019-02-05 13:40:34",NULL,NULL,NULL
835,https://www.amazon.com/dp/B07JJSWNG8,1,NULL,NULL,NULL,NULL,"2019-02-05 13:40:34",NULL,NULL,NULL
836,https://www.amazon.com/dp/B07JJNPLW1,1,NULL,NULL,NULL,NULL,"2019-02-05 13:40:34",NULL,NULL,NULL
837,https://www.amazon.com/dp/B07JJDBP93,1,NULL,NULL,NULL,NULL,"2019-02-05 13:40:34",NULL,NULL,NULL
838,https://www.amazon.com/dp/B07JJ48QTC,1,NULL,NULL,NULL,NULL,"2019-02-05 13:40:34",NULL,NULL,NULL
839,https://www.amazon.com/dp/B07JBMX1Y8,1,NULL,NULL,NULL,NULL,"2019-02-05 13:40:34",NULL,NULL,NULL
840,https://www.amazon.com/dp/B07HZ6V4VB,1,NULL,NULL,NULL,NULL,"2019-02-05 13:40:34",NULL,NULL,NULL
841,https://www.amazon.com/dp/B07HP99R33,1,NULL,NULL,NULL,NULL,"2019-02-05 13:40:34",NULL,NULL,NULL
842,https://www.amazon.com/dp/B07HHC52LN,1,NULL,NULL,NULL,NULL,"2019-02-05 13:40:34",NULL,NULL,NULL
848,https://www.amazon.com/dp/B07CJXP1B1,1,NULL,NULL,NULL,NULL,"2019-02-05 13:40:35",NULL,NULL,NULL
849,https://www.amazon.com/dp/B07BT1QDTC,1,NULL,NULL,NULL,NULL,"2019-02-05 13:40:35",NULL,NULL,NULL
852,https://www.amazon.com/dp/B07BS9K79L,1,NULL,NULL,NULL,NULL,"2019-02-05 13:40:35",NULL,NULL,NULL
853,https://www.amazon.com/dp/B07BS85NC8,1,NULL,NULL,NULL,NULL,"2019-02-05 13:40:35",NULL,NULL,NULL
854,https://www.amazon.com/dp/B07BS75CC9,1,NULL,NULL,NULL,NULL,"2019-02-05 13:40:35",NULL,NULL,NULL
855,https://www.amazon.com/dp/B07BS4L1FZ,1,NULL,NULL,NULL,NULL,"2019-02-05 13:40:35",NULL,NULL,NULL
856,https://www.amazon.com/dp/B07BRVCYXN,1,NULL,NULL,NULL,NULL,"2019-02-05 13:40:35",NULL,NULL,NULL
857,https://www.amazon.com/dp/B07BNYYDR7,1,NULL,NULL,NULL,NULL,"2019-02-05 13:40:35",NULL,NULL,NULL
858,https://www.amazon.com/dp/B07BNH9XVT,1,NULL,NULL,NULL,NULL,"2019-02-05 13:40:35",NULL,NULL,NULL
859,https://www.amazon.com/dp/B07BNGD71K,1,NULL,NULL,NULL,NULL,"2019-02-05 13:40:35",NULL,NULL,NULL
860,https://www.amazon.com/dp/B07BNFRVMB,1,NULL,NULL,NULL,NULL,"2019-02-05 13:40:35",NULL,NULL,NULL
861,https://www.amazon.com/dp/B07BND55G3,1,NULL,NULL,NULL,NULL,"2019-02-05 13:40:35",NULL,NULL,NULL
862,https://www.amazon.com/dp/B07BNCH65W,1,NULL,NULL,NULL,NULL,"2019-02-05 13:40:35",NULL,NULL,NULL
863,https://www.amazon.com/dp/B07BNCDYPW,1,NULL,NULL,NULL,NULL,"2019-02-05 13:40:35",NULL,NULL,NULL
867,https://www.sweetwater.com/store/detail/MicroFreak--arturia-microfreak-hybrid-synthesizer,2,NULL,NULL,NULL,NULL,"2019-02-05 13:42:37",NULL,NULL,NULL
868,https://www.sweetwater.com/store/detail/MinilogueXD--korg-minilogue-xd-4-voice-analog-synthesizer,2,NULL,NULL,NULL,NULL,"2019-02-05 13:42:37",NULL,NULL,NULL
869,https://www.sweetwater.com/store/detail/BS101--behringer-ms-101-rd-analog-synthesizer-with-handle,2,NULL,NULL,NULL,NULL,"2019-02-05 13:42:37",NULL,NULL,NULL
870,https://www.sweetwater.com/store/detail/Sirin--moog-sirin-limited-edition-analog-synthesizer,2,NULL,NULL,NULL,NULL,"2019-02-05 13:42:37",NULL,NULL,NULL
871,https://www.sweetwater.com/store/detail/Sub37--moog-subsequent-37-analog-synthesizer,2,NULL,NULL,NULL,NULL,"2019-02-05 13:42:37",NULL,NULL,NULL
872,https://www.sweetwater.com/store/detail/Stage3-88--nord-stage-3-88-stage-keyboard,2,NULL,NULL,NULL,NULL,"2019-02-05 13:42:37",NULL,NULL,NULL
873,https://www.sweetwater.com/store/detail/JunoDS88--roland-juno-ds88-88-key-synthesizer,2,NULL,NULL,NULL,NULL,"2019-02-05 13:42:37",NULL,NULL,NULL
874,https://www.sweetwater.com/store/detail/GRANDMother--moog-grandmother-semi-modular-analog-synthesizer-and-step-sequencer,2,NULL,NULL,NULL,NULL,"2019-02-05 13:42:37",NULL,NULL,NULL
875,https://www.sweetwater.com/store/detail/Montage8--yamaha-montage-8,2,NULL,NULL,NULL,NULL,"2019-02-05 13:42:37",NULL,NULL,NULL
876,https://www.sweetwater.com/store/detail/MX88BK--yamaha-mx88,2,NULL,NULL,NULL,NULL,"2019-02-05 13:42:37",NULL,NULL,NULL
877,https://www.sweetwater.com/store/detail/NeutronMod--behringer-neutron-semi-modular-analog-synth,2,NULL,NULL,NULL,NULL,"2019-02-05 13:42:37",NULL,NULL,NULL
878,https://www.sweetwater.com/store/detail/DFAM--moog-dfam-semi-modular-eurorack-analog-percussion-synthesizer,2,NULL,NULL,NULL,NULL,"2019-02-05 13:42:37",NULL,NULL,NULL
879,https://www.sweetwater.com/store/detail/Mother32--moog-mother-32-semi-modular-eurorack-analog-synthesizer-and-step-sequencer,2,NULL,NULL,NULL,NULL,"2019-02-05 13:42:37",NULL,NULL,NULL
880,https://www.sweetwater.com/store/detail/Minilogue--korg-minilogue-4-voice-analog-synthesizer,2,NULL,NULL,NULL,NULL,"2019-02-05 13:42:37",NULL,NULL,NULL
881,https://www.sweetwater.com/store/detail/Stage3Com--nord-stage-3-compact-stage-keyboard,2,NULL,NULL,NULL,NULL,"2019-02-05 13:42:37",NULL,NULL,NULL
882,https://www.sweetwater.com/store/detail/QuantumKB--waldorf-quantum-8-voice-hybrid-synth,2,NULL,NULL,NULL,NULL,"2019-02-05 13:42:37",NULL,NULL,NULL
883,https://www.sweetwater.com/store/detail/JunoDS61--roland-juno-ds61-61-key-synthesizer,2,NULL,NULL,NULL,NULL,"2019-02-05 13:42:37",NULL,NULL,NULL
884,https://www.sweetwater.com/store/detail/SubPhatty--moog-sub-phatty-analog-synthesizer,2,NULL,NULL,NULL,NULL,"2019-02-05 13:42:37",NULL,NULL,NULL
885,https://www.sweetwater.com/store/detail/BehringerD--behringer-model-d-analog-synthesizer,2,NULL,NULL,NULL,NULL,"2019-02-05 13:42:37",NULL,NULL,NULL
886,https://www.sweetwater.com/store/detail/DeepMind12--behringer-deepmind-12-49-key-12-voice-analog-synthesizer,2,NULL,NULL,NULL,NULL,"2019-02-05 13:42:37",NULL,NULL,NULL
887,https://www.sweetwater.com/store/detail/REV2-08--dave-smith-instruments-prophet-rev2-08-8-voice-polyphonic-analog-synthesizer,2,NULL,NULL,NULL,NULL,"2019-02-05 13:42:37",NULL,NULL,NULL
888,https://www.sweetwater.com/store/detail/Kross2-61BK--korg-kross-2-61-synthesizer-workstation,2,NULL,NULL,NULL,NULL,"2019-02-05 13:42:37",NULL,NULL,NULL
889,https://www.sweetwater.com/store/detail/MODX6--yamaha-modx6-61-key-synthesizer,2,NULL,NULL,NULL,NULL,"2019-02-05 13:42:37",NULL,NULL,NULL
890,https://www.sweetwater.com/store/detail/0-COAST--make-noise-0-coast-semi-modular-analog-synthesizer,2,NULL,NULL,NULL,NULL,"2019-02-05 13:42:37",NULL,NULL,NULL
891,https://www.sweetwater.com/store/detail/Stage3HP76--nord-stage-3-hp76-stage-keyboard,2,NULL,NULL,NULL,NULL,"2019-02-05 13:42:37",NULL,NULL,NULL
892,https://www.sweetwater.com/store/detail/Kross2-88BK--korg-kross-2-88-key-synthesizer-workstation,2,NULL,NULL,NULL,NULL,"2019-02-05 13:42:37",NULL,NULL,NULL
893,https://www.sweetwater.com/store/detail/VolcaFM--korg-volca-fm-synthesizer-with-sequencer,2,NULL,NULL,NULL,NULL,"2019-02-05 13:42:37",NULL,NULL,NULL
894,https://www.sweetwater.com/store/detail/SongmakerKIT--roli-songmaker-kit,2,NULL,NULL,NULL,NULL,"2019-02-05 13:42:37",NULL,NULL,NULL
895,https://www.sweetwater.com/store/detail/VolcaSample--korg-volca-sample-digital-sample-sequencer,2,NULL,NULL,NULL,NULL,"2019-02-05 13:42:37",NULL,NULL,NULL
896,https://www.sweetwater.com/store/detail/REV2-16--dave-smith-instruments-prophet-rev2-16-voice-polyphonic-analog-synthesizer,2,NULL,NULL,NULL,NULL,"2019-02-05 13:42:37",NULL,NULL,NULL
897,https://www.sweetwater.com/store/detail/BassStation2--novation-bass-station-ii-analog-synthesizer,2,NULL,NULL,NULL,NULL,"2019-02-05 13:42:37",NULL,NULL,NULL
898,https://www.sweetwater.com/store/detail/Integra7--roland-integra-7-synthesizer-module,2,NULL,NULL,NULL,NULL,"2019-02-05 13:42:37",NULL,NULL,NULL
899,https://www.sweetwater.com/store/detail/PocketOp35--teenage-engineering-pocket-operator-po-35-speak,2,NULL,NULL,NULL,NULL,"2019-02-05 13:42:37",NULL,NULL,NULL
900,https://www.sweetwater.com/store/detail/PocketOp20--teenage-engineering-pocket-operator-po-20-arcade,2,NULL,NULL,NULL,NULL,"2019-02-05 13:42:37",NULL,NULL,NULL
901,https://www.sweetwater.com/store/detail/JDXi--roland-jd-xi,2,NULL,NULL,NULL,NULL,"2019-02-05 13:42:37",NULL,NULL,NULL
902,https://www.sweetwater.com/store/detail/MX61BK--yamaha-mx61-black,2,NULL,NULL,NULL,NULL,"2019-02-05 13:42:37",NULL,NULL,NULL
903,https://www.sweetwater.com/store/detail/PeakMod--novation-peak-polyphonic-desktop-synthesizer,2,NULL,NULL,NULL,NULL,"2019-02-05 13:42:37",NULL,NULL,NULL
904,https://www.sweetwater.com/store/detail/UnoSynth--ik-multimedia-uno-synth-analog-synthesizer,2,NULL,NULL,NULL,NULL,"2019-02-05 13:42:37",NULL,NULL,NULL
905,https://www.sweetwater.com/store/detail/MiniBrute2S--arturia-minibrute-2s-semi-modular-analog-sequencing-synthesizer,2,NULL,NULL,NULL,NULL,"2019-02-05 13:42:37",NULL,NULL,NULL
906,https://www.sweetwater.com/store/detail/VolcaKeys--korg-volca-keys-analog-loop-synthesizer,2,NULL,NULL,NULL,NULL,"2019-02-05 13:42:37",NULL,NULL,NULL
907,https://www.sweetwater.com/store/detail/MS20mini--korg-ms-20-mini-semi-modular-analog-synthesizer,2,NULL,NULL,NULL,NULL,"2019-02-05 13:42:37",NULL,NULL,NULL
908,https://www.sweetwater.com/store/detail/MoogOne8--moog-one-8-voice-analog-synthesizer,2,NULL,NULL,NULL,NULL,"2019-02-05 13:42:37",NULL,NULL,NULL
909,https://www.sweetwater.com/store/detail/VR09BK--roland-v-combo-vr-09-b-61-key-stage-performance-keyboard,2,NULL,NULL,NULL,NULL,"2019-02-05 13:42:37",NULL,NULL,NULL
910,https://www.sweetwater.com/store/detail/Montage6--yamaha-montage-6,2,NULL,NULL,NULL,NULL,"2019-02-05 13:42:37",NULL,NULL,NULL
911,https://www.sweetwater.com/store/detail/ProphetX--sequential-prophet-by-61-key-synthesizer,2,NULL,NULL,NULL,NULL,"2019-02-05 13:42:37",NULL,NULL,NULL
912,https://www.sweetwater.com/store/detail/DeepMindMod--behringer-deepmind-12d-12-voice-analog-desktop-synthesizer,2,NULL,NULL,NULL,NULL,"2019-02-05 13:42:37",NULL,NULL,NULL
913,https://www.sweetwater.com/store/detail/ProphetXL--sequential-prophet-xl-76-key-synthesizer,2,NULL,NULL,NULL,NULL,"2019-02-05 13:42:37",NULL,NULL,NULL
914,https://www.sweetwater.com/store/detail/PocketOp12--teenage-engineering-pocket-operator-po-12-rhythm,2,NULL,NULL,NULL,NULL,"2019-02-05 13:42:37",NULL,NULL,NULL
915,https://www.sweetwater.com/store/detail/Prologue16--korg-prologue-61-key-16-voice-analog-synthesizer,2,NULL,NULL,NULL,NULL,"2019-02-05 13:42:37",NULL,NULL,NULL
916,https://www.sweetwater.com/store/detail/OB6--dave-smith-instruments-ob-6-6-voice-polyphonic-analog-synthesizer,2,NULL,NULL,NULL,NULL,"2019-02-05 13:42:37",NULL,NULL,NULL
917,https://www.sweetwater.com/store/detail/Montage7--yamaha-montage-7,2,NULL,NULL,NULL,NULL,"2019-02-05 13:42:37",NULL,NULL,NULL
918,https://www.sweetwater.com/store/detail/AnalogFour2--elektron-analog-four-mkii-4-voice-analog-synthesizer-with-sequencer,2,NULL,NULL,NULL,NULL,"2019-02-05 13:42:37",NULL,NULL,NULL
919,https://www.sweetwater.com/store/detail/SequencerCBP--moog-sequencer-complement-b-portable-expansion-cabinet-reissue,2,NULL,NULL,NULL,NULL,"2019-02-05 13:42:37",NULL,NULL,NULL
920,https://www.sweetwater.com/store/detail/MiniNova--novation-mininova-37-key-synthesizer-with-vocoder,2,NULL,NULL,NULL,NULL,"2019-02-05 13:42:37",NULL,NULL,NULL
921,https://www.sweetwater.com/store/detail/KronosLS--korg-kronos-ls-88-key-synthesizer-workstation,2,NULL,NULL,NULL,NULL,"2019-02-05 13:42:38",NULL,NULL,NULL
922,https://www.sweetwater.com/store/detail/SH01--roland-gaia-sh-01,2,NULL,NULL,NULL,NULL,"2019-02-05 13:42:38",NULL,NULL,NULL
923,https://www.sweetwater.com/store/detail/D05--roland-d-05-linear-synthesizer,2,NULL,NULL,NULL,NULL,"2019-02-05 13:42:38",NULL,NULL,NULL
924,https://www.sweetwater.com/store/detail/VolcaBass--korg-volca-bass-analog-bass-synth-module-and-sequencer,2,NULL,NULL,NULL,NULL,"2019-02-05 13:42:38",NULL,NULL,NULL
925,https://www.sweetwater.com/store/detail/VR730--roland-v-combo-vr-730-73-key-live-performance-keyboard,2,NULL,NULL,NULL,NULL,"2019-02-05 13:42:38",NULL,NULL,NULL
926,https://www.sweetwater.com/store/detail/PocketOp32--teenage-engineering-pocket-operator-po-32-tonic,2,NULL,NULL,NULL,NULL,"2019-02-05 13:42:38",NULL,NULL,NULL
927,https://www.sweetwater.com/store/detail/PocketOp14--teenage-engineering-pocket-operator-po-14-sub,2,NULL,NULL,NULL,NULL,"2019-02-05 13:42:38",NULL,NULL,NULL
928,https://www.sweetwater.com/store/detail/MX49BK--yamaha-mx49-black,2,NULL,NULL,NULL,NULL,"2019-02-05 13:42:38",NULL,NULL,NULL
929,https://www.sweetwater.com/store/detail/System8--roland-system-8-plug-out-synthesizer,2,NULL,NULL,NULL,NULL,"2019-02-05 13:42:38",NULL,NULL,NULL
930,https://www.sweetwater.com/store/detail/MX61BU--yamaha-mx61-blue,2,NULL,NULL,NULL,NULL,"2019-02-05 13:42:38",NULL,NULL,NULL
931,https://www.sweetwater.com/store/detail/Minitaur--moog-minitaur-analog-bass-synthesizer,2,NULL,NULL,NULL,NULL,"2019-02-05 13:42:38",NULL,NULL,NULL
932,https://www.sweetwater.com/store/detail/BruteMin2SBun6--arturia-minibrute2s-and-rackbrute6u-with-rackbrutebag-and-noodles,2,NULL,NULL,NULL,NULL,"2019-02-05 13:42:38",NULL,NULL,NULL
933,https://www.sweetwater.com/store/detail/MatrixBrute--arturia-matrixbrute-analog-matrix-synthesizer,2,NULL,NULL,NULL,NULL,"2019-02-05 13:42:38",NULL,NULL,NULL
934,https://www.sweetwater.com/store/detail/CircuitMono--novation-circuit-mono-station-paraphonic-analog-synthesizer-and-sequencer,2,NULL,NULL,NULL,NULL,"2019-02-05 13:42:38",NULL,NULL,NULL
935,https://www.sweetwater.com/store/detail/RefaceCS--yamaha-reface-cs,2,NULL,NULL,NULL,NULL,"2019-02-05 13:42:38",NULL,NULL,NULL
936,https://www.sweetwater.com/store/detail/REV2mod-16--dave-smith-instruments-prophet-rev2-16-voice-polyphonic-analog-synthesizer-module,2,NULL,NULL,NULL,NULL,"2019-02-05 13:42:38",NULL,NULL,NULL
937,https://www.sweetwater.com/store/detail/microKorgS--korg-microkorg-s-synthesizer-and-vocoder-with-built-in-speakers,2,NULL,NULL,NULL,NULL,"2019-02-05 13:42:38",NULL,NULL,NULL
938,https://www.sweetwater.com/store/detail/JunoDS76--roland-juno-ds76-synthesizer,2,NULL,NULL,NULL,NULL,"2019-02-05 13:42:38",NULL,NULL,NULL
939,https://www.sweetwater.com/store/detail/VolcaKick--korg-volca-kick-analog-bass-kick-generator,2,NULL,NULL,NULL,NULL,"2019-02-05 13:42:38",NULL,NULL,NULL
940,https://www.sweetwater.com/store/detail/Sledge2BLK--studiologic-sledge-2.0-black,2,NULL,NULL,NULL,NULL,"2019-02-05 13:42:38",NULL,NULL,NULL
941,https://www.sweetwater.com/store/detail/ElectribeSRD--korg-electribe-sampler-metallic-red,2,NULL,NULL,NULL,NULL,"2019-02-05 13:42:38",NULL,NULL,NULL
942,https://www.sweetwater.com/store/detail/MX49BU--yamaha-mx49-blue,2,NULL,NULL,NULL,NULL,"2019-02-05 13:42:38",NULL,NULL,NULL
943,https://www.sweetwater.com/store/detail/MiniBrute2--arturia-minibrute-2-semi-modular-analog-synthesizer,2,NULL,NULL,NULL,NULL,"2019-02-05 13:42:38",NULL,NULL,NULL
944,https://www.sweetwater.com/store/detail/Prologue08--korg-prologue-49-key-8-voice-analog-synthesizer,2,NULL,NULL,NULL,NULL,"2019-02-05 13:42:38",NULL,NULL,NULL
945,https://www.sweetwater.com/store/detail/MonologueBK--korg-monologue-analog-synthesizer-black,2,NULL,NULL,NULL,NULL,"2019-02-05 13:42:38",NULL,NULL,NULL
946,https://www.sweetwater.com/store/detail/REV2mod-08--dave-smith-instruments-prophet-rev2-8-voice-polyphonic-analog-synthesizer-module,2,NULL,NULL,NULL,NULL,"2019-02-05 13:42:38",NULL,NULL,NULL
947,https://www.sweetwater.com/store/detail/monotronDLY--korg-monotron-delay-analog-ribbon-synthesizer,2,NULL,NULL,NULL,NULL,"2019-02-05 13:42:38",NULL,NULL,NULL
948,https://www.sweetwater.com/store/detail/K25M--roland-k-25m-boutique-series-keyboard-unit,2,NULL,NULL,NULL,NULL,"2019-02-05 13:42:38",NULL,NULL,NULL
949,https://www.sweetwater.com/store/detail/JDXA--roland-jd-xa-analog-digital-crossover-synthesizer,2,NULL,NULL,NULL,NULL,"2019-02-05 13:42:38",NULL,NULL,NULL
950,https://www.sweetwater.com/store/detail/MonologueBL--korg-monologue-analog-synthesizer-blue,2,NULL,NULL,NULL,NULL,"2019-02-05 13:42:38",NULL,NULL,NULL
951,https://www.sweetwater.com/store/detail/MedusaDread--dreadbox-medusa-analog-and-wavetable-synthesizer-with-sequencer,2,NULL,NULL,NULL,NULL,"2019-02-05 13:42:38",NULL,NULL,NULL
952,https://www.sweetwater.com/store/detail/STVC--waldorf-stvc-string-synthesizer-and-vocoder,2,NULL,NULL,NULL,NULL,"2019-02-05 13:42:38",NULL,NULL,NULL
953,https://www.sweetwater.com/store/detail/BlofeldBk--waldorf-blofeld-black-limited-edition,2,NULL,NULL,NULL,NULL,"2019-02-05 13:42:38",NULL,NULL,NULL
954,https://www.sweetwater.com/store/detail/BruteMin2Bun6--arturia-minibrute2-and-rackbrute6u-with-rackbrutebag-and-noodles,2,NULL,NULL,NULL,NULL,"2019-02-05 13:42:38",NULL,NULL,NULL
955,https://www.sweetwater.com/store/detail/Pro2--dave-smith-instruments-pro-2,2,NULL,NULL,NULL,NULL,"2019-02-05 13:42:38",NULL,NULL,NULL
956,https://www.sweetwater.com/store/detail/Prophet6mod--sequential-prophet-6-module-6-voice-polyphonic-analog-synthesizer,2,NULL,NULL,NULL,NULL,"2019-02-05 13:42:38",NULL,NULL,NULL
957,https://www.sweetwater.com/store/detail/MicroBrute--arturia-microbrute-analog-synthesizer,2,NULL,NULL,NULL,NULL,"2019-02-05 13:42:38",NULL,NULL,NULL
958,https://www.sweetwater.com/store/detail/OdysseyModR1--arp-odyssey-synthesizer-module-white,2,NULL,NULL,NULL,NULL,"2019-02-05 13:42:38",NULL,NULL,NULL
959,https://www.sweetwater.com/store/detail/XWP1--casio-xw-p1-performance-synthesizer,2,NULL,NULL,NULL,NULL,"2019-02-05 13:42:38",NULL,NULL,NULL
960,https://www.sweetwater.com/store/detail/Sledge2--studiologic-sledge-2.0,2,NULL,NULL,NULL,NULL,"2019-02-05 13:42:38",NULL,NULL,NULL
961,https://www.sweetwater.com/store/detail/Odyssey--arp-odyssey-analog-synthesizer,2,NULL,NULL,NULL,NULL,"2019-02-05 13:42:38",NULL,NULL,NULL
962,https://www.sweetwater.com/store/detail/Blofeld--waldorf-blofeld-synthesizer,2,NULL,NULL,NULL,NULL,"2019-02-05 13:42:38",NULL,NULL,NULL
963,https://www.sweetwater.com/store/detail/MonologueGD--korg-monologue-analog-synthesizer-gold,2,NULL,NULL,NULL,NULL,"2019-02-05 13:42:38",NULL,NULL,NULL
964,https://www.sweetwater.com/store/detail/Streichfett--waldorf-streichfett-string-synthesizer,2,NULL,NULL,NULL,NULL,"2019-02-05 13:42:38",NULL,NULL,NULL
965,https://www.sweetwater.com/store/detail/MonologueRD--korg-monologue-analog-synthesizer-red,2,NULL,NULL,NULL,NULL,"2019-02-05 13:42:38",NULL,NULL,NULL
966,https://www.sweetwater.com/store/detail/MotifXSRack--yamaha-motif-rack-xs,2,NULL,NULL,NULL,NULL,"2019-02-05 13:42:38",NULL,NULL,NULL
967,https://www.sweetwater.com/store/detail/VirusTI2PDS--access-limited-edition-virus-ti2-dark-star,2,NULL,NULL,NULL,NULL,"2019-02-05 13:42:38",NULL,NULL,NULL
968,https://www.sweetwater.com/store/detail/VirusTI2Key--access-virus-ti2-keyboard,2,NULL,NULL,NULL,NULL,"2019-02-05 13:42:38",NULL,NULL,NULL
969,https://www.sweetwater.com/store/detail/CP251--moog-moogerfooger-cp-251-control-processor,2,NULL,NULL,NULL,NULL,"2019-02-05 13:42:38",NULL,NULL,NULL
970,https://www.sweetwater.com/store/detail/Prophet12mod--dave-smith-instruments-prophet-12-module,2,NULL,NULL,NULL,NULL,"2019-02-05 13:42:38",NULL,NULL,NULL
971,https://www.sweetwater.com/store/detail/VirusTI2Polar--access-virus-ti2-polar,2,NULL,NULL,NULL,NULL,"2019-02-05 13:42:38",NULL,NULL,NULL
972,https://www.sweetwater.com/store/detail/MicroKorgXLp--korg-microkorg-xl-synthesizer-with-vocoder,2,NULL,NULL,NULL,NULL,"2019-02-05 13:42:38",NULL,NULL,NULL
973,https://www.sweetwater.com/store/detail/BlofeldKB--waldorf-blofeld-keyboard-white,2,NULL,NULL,NULL,NULL,"2019-02-05 13:42:38",NULL,NULL,NULL
974,https://www.sweetwater.com/store/detail/PocketOp24--teenage-engineering-pocket-operator-po-24-office,2,NULL,NULL,NULL,NULL,"2019-02-05 13:42:38",NULL,NULL,NULL
975,https://www.sweetwater.com/store/detail/OdysseyModR3--arp-odyssey-synthesizer-module-black-orange,2,NULL,NULL,NULL,NULL,"2019-02-05 13:42:38",NULL,NULL,NULL
976,https://www.sweetwater.com/store/detail/TB3--roland-tb-3-touch-bassline,2,NULL,NULL,NULL,NULL,"2019-02-05 13:42:38",NULL,NULL,NULL
977,https://www.sweetwater.com/store/detail/MonologueSV--korg-monologue-analog-synthesizer-silver,2,NULL,NULL,NULL,NULL,"2019-02-05 13:42:38",NULL,NULL,NULL
978,https://www.sweetwater.com/store/detail/MophoX4--dave-smith-instruments-mopho-x4-4-voice-analog-synthesizer,2,NULL,NULL,NULL,NULL,"2019-02-05 13:42:38",NULL,NULL,NULL
979,https://www.sweetwater.com/store/detail/SequencerCAP--moog-sequencer-complement-a-portable-expansion-cabinet-reissue,2,NULL,NULL,NULL,NULL,"2019-02-05 13:42:38",NULL,NULL,NULL
980,https://www.sweetwater.com/store/detail/BlofeldKBBk--waldorf-blofeld-keyboard-black,2,NULL,NULL,NULL,NULL,"2019-02-05 13:42:38",NULL,NULL,NULL
981,https://www.sweetwater.com/store/detail/Omega8--studio-electronics-omega-8,2,NULL,NULL,NULL,NULL,"2019-02-05 13:42:38",NULL,NULL,NULL
982,https://www.sweetwater.com/store/detail/System1--roland-system-1-plug-out-synthesizer,2,NULL,NULL,NULL,NULL,"2019-02-05 13:42:38",NULL,NULL,NULL
983,https://www.sweetwater.com/store/detail/DK01--roland-dk-01-boutique-module-dock,2,NULL,NULL,NULL,NULL,"2019-02-05 13:42:38",NULL,NULL,NULL
984,https://www.sweetwater.com/store/detail/ZeusBoost--tiptop-audio-uzeus-boost-mantis-universal-adapter,2,NULL,NULL,NULL,NULL,"2019-02-05 13:42:38",NULL,NULL,NULL
985,https://www.sweetwater.com/store/detail/KO2S--korg-kaossilator-2s-handheld-synthesizer,2,NULL,NULL,NULL,NULL,"2019-02-05 13:42:38",NULL,NULL,NULL
986,https://www.sweetwater.com/store/detail/PeakModStd--novation-peak-stand,2,NULL,NULL,NULL,NULL,"2019-02-05 13:42:38",NULL,NULL,NULL
987,https://www.sweetwater.com/store/detail/PocketOp20Bn--teenage-engineering-po-20-series-super-set-bundle,2,NULL,NULL,NULL,NULL,"2019-02-05 13:42:38",NULL,NULL,NULL
988,https://www.sweetwater.com/store/detail/ToraizAS1--pioneer-dj-toraiz-as-1-monophonic-analog-synthesizer,2,NULL,NULL,NULL,NULL,"2019-02-05 13:42:38",NULL,NULL,NULL
989,https://www.sweetwater.com/store/detail/Prophet12d1--dave-smith-instruments-prophet-12-61-key-synthesizer,2,NULL,NULL,NULL,NULL,"2019-02-05 13:42:38",NULL,NULL,NULL
990,https://www.sweetwater.com/store/detail/System1m--roland-system-1m-plug-out-synthesizer,2,NULL,NULL,NULL,NULL,"2019-02-05 13:42:38",NULL,NULL,NULL
991,https://www.sweetwater.com/store/detail/FuseboxBk--analogue-solutions-fusebox-synthesizer-with-patternator-limited-edition-black,2,NULL,NULL,NULL,NULL,"2019-02-05 13:42:38",NULL,NULL,NULL
992,https://www.sweetwater.com/store/detail/SynthKit--korg-littlebits-synth-kit,2,NULL,NULL,NULL,NULL,"2019-02-05 13:42:38",NULL,NULL,NULL
993,https://www.sweetwater.com/store/detail/monotronDUO--korg-monotron-duo,2,NULL,NULL,NULL,NULL,"2019-02-05 13:42:38",NULL,NULL,NULL
994,https://www.sweetwater.com/store/detail/8StepProg--electro-harmonix-8-step-program-analog-expression-cv-sequencer-pedal,2,NULL,NULL,NULL,NULL,"2019-02-05 13:42:38",NULL,NULL,NULL
995,https://www.sweetwater.com/store/detail/PocketOp10Bn--teenage-engineering-po-10-series-super-set-bundle,2,NULL,NULL,NULL,NULL,"2019-02-05 13:42:38",NULL,NULL,NULL
996,https://www.sweetwater.com/store/detail/VX351--moog-vx-351-control-voltage-expander-for-voyager,2,NULL,NULL,NULL,NULL,"2019-02-05 13:42:38",NULL,NULL,NULL
997,https://www.sweetwater.com/store/detail/SHS500Rd--yamaha-sonogenic-37-key-keytar-red,2,NULL,NULL,NULL,NULL,"2019-02-05 13:42:38",NULL,NULL,NULL
998,https://www.sweetwater.com/store/detail/OdysseyFSSQ2--arp-odyssey-fsq-analog-synthesizer-with-sq1-sequencer-rev2,2,NULL,NULL,NULL,NULL,"2019-02-05 13:42:38",NULL,NULL,NULL
999,https://www.sweetwater.com/store/detail/OdysseyFSSQ3--arp-odyssey-fsq-analog-synthesizer-with-sq1-sequencer-rev3,2,NULL,NULL,NULL,NULL,"2019-02-05 13:42:38",NULL,NULL,NULL
1000,https://www.sweetwater.com/store/detail/Rocket--waldorf-rocket-desktop-synthesizer,2,NULL,NULL,NULL,NULL,"2019-02-05 13:42:38",NULL,NULL,NULL
1001,https://www.sweetwater.com/store/detail/Kross2-61NO--korg-kross-2-61-colors-synthesizer-workstation-limited-edition-neon-orange-gray,2,NULL,NULL,NULL,NULL,"2019-02-05 13:42:38",NULL,NULL,NULL
1002,https://www.sweetwater.com/store/detail/Kross2-61NR--korg-kross-2-61-colors-synthesizer-workstation-limited-edition-neon-red-gray,2,NULL,NULL,NULL,NULL,"2019-02-05 13:42:38",NULL,NULL,NULL
1003,https://www.sweetwater.com/store/detail/Kross2-61NB--korg-kross-2-61-colors-synthesizer-workstation-limited-edition-neon-blue-gray,2,NULL,NULL,NULL,NULL,"2019-02-05 13:42:38",NULL,NULL,NULL
1004,https://www.sweetwater.com/store/detail/Pulse2--waldorf-pulse-2-analog-synthesizer,2,NULL,NULL,NULL,NULL,"2019-02-05 13:42:38",NULL,NULL,NULL
1005,https://www.sweetwater.com/store/detail/RTG--electro-harmonix-rtg-random-tone-generator-pedal,2,NULL,NULL,NULL,NULL,"2019-02-05 13:42:38",NULL,NULL,NULL
1006,https://www.sweetwater.com/store/detail/SH01A--roland-sh-01a-synthesizer,2,NULL,NULL,NULL,NULL,"2019-02-05 13:42:38",NULL,NULL,NULL
1007,https://www.sweetwater.com/store/detail/SHS500Bk--yamaha-sonogenic-37-key-keytar-black,2,NULL,NULL,NULL,NULL,"2019-02-05 13:42:38",NULL,NULL,NULL
1008,https://www.sweetwater.com/store/detail/DarkTimeBLnpsd1--doepfer-dark-time-analog-step-sequencer-with-blue-leds,2,NULL,NULL,NULL,NULL,"2019-02-05 13:42:38",NULL,NULL,NULL
1009,https://www.sweetwater.com/store/detail/DarkTimeBLnpsd2--doepfer-dark-time-analog-step-sequencer-with-blue-leds,2,NULL,NULL,NULL,NULL,"2019-02-05 13:42:38",NULL,NULL,NULL
1010,https://www.sweetwater.com/store/detail/SeaboardG-61d2--roli-seaboard-grand-stage,2,NULL,NULL,NULL,NULL,"2019-02-05 13:42:38",NULL,NULL,NULL
1011,https://www.sweetwater.com/store/detail/Modular3P--moog-synthesizer-iiip-limited-edition-reissue-modular-synthesizer,2,NULL,NULL,NULL,NULL,"2019-02-05 13:42:38",NULL,NULL,NULL
1012,https://www.sweetwater.com/store/detail/BoomSt4072v2--studio-electronics-boomstar-4072-mkii-analog-synthesizer,2,NULL,NULL,NULL,NULL,"2019-02-05 13:42:38",NULL,NULL,NULL
1013,https://www.sweetwater.com/store/detail/BoomStSE80v2--studio-electronics-boomstar-se80-mkii-analog-synthesizer,2,NULL,NULL,NULL,NULL,"2019-02-05 13:42:38",NULL,NULL,NULL
1014,https://www.sweetwater.com/store/detail/BoomSt8106v2--studio-electronics-boomstar-8106-mkii-analog-synthesizer,2,NULL,NULL,NULL,NULL,"2019-02-05 13:42:38",NULL,NULL,NULL
1015,https://www.sweetwater.com/store/detail/MODX7--yamaha-modx7-76-key-synthesizer,2,NULL,NULL,NULL,NULL,"2019-02-05 13:42:38",NULL,NULL,NULL
1016,https://www.sweetwater.com/store/detail/MoogOne16--moog-one-16-voice-analog-synthesizer,2,NULL,NULL,NULL,NULL,"2019-02-05 13:42:38",NULL,NULL,NULL
1017,https://www.sweetwater.com/store/detail/SE02--roland-se-02-analog-synthesizer-module,2,NULL,NULL,NULL,NULL,"2019-02-05 13:42:38",NULL,NULL,NULL
1018,https://www.sweetwater.com/store/detail/AXEdgeBk--roland-ax-edge-49-key-keytar-synthesizer-black,2,NULL,NULL,NULL,NULL,"2019-02-05 13:42:38",NULL,NULL,NULL
1019,https://www.sweetwater.com/store/detail/ErebusV3--dreadbox-erebus-v3-duophonic-synthesizer,2,NULL,NULL,NULL,NULL,"2019-02-05 13:42:38",NULL,NULL,NULL
1020,https://www.sweetwater.com/store/detail/microKorg--korg-microkorg-synthesizer-with-vocoder,2,NULL,NULL,NULL,NULL,"2019-02-05 13:42:38",NULL,NULL,NULL
1021,https://www.sweetwater.com/store/detail/Prophet6--sequential-prophet-6-6-voice-polyphonic-analog-synthesizer,2,NULL,NULL,NULL,NULL,"2019-02-05 13:42:38",NULL,NULL,NULL
1022,https://www.sweetwater.com/store/detail/MODX8--yamaha-modx8-88-key-synthesizer,2,NULL,NULL,NULL,NULL,"2019-02-05 13:42:38",NULL,NULL,NULL
1023,https://www.sweetwater.com/store/detail/RefaceDX--yamaha-reface-dx,2,NULL,NULL,NULL,NULL,"2019-02-05 13:42:38",NULL,NULL,NULL
1024,https://www.sweetwater.com/store/detail/OB6mod--dave-smith-instruments-ob-6-module-6-voice-polyphonic-analog-synthesizer-module,2,NULL,NULL,NULL,NULL,"2019-02-05 13:42:38",NULL,NULL,NULL
1025,https://www.sweetwater.com/store/detail/AXEdgeWT--roland-ax-edge-49-key-keytar-synthesizer-white,2,NULL,NULL,NULL,NULL,"2019-02-05 13:42:38",NULL,NULL,NULL
1026,https://www.sweetwater.com/store/detail/DeepMind6--behringer-deepmind-6-37-key-6-voice-analog-synthesizer,2,NULL,NULL,NULL,NULL,"2019-02-05 13:42:38",NULL,NULL,NULL
1027,https://www.sweetwater.com/store/detail/NordLeadA1--nord-lead-a1-analog-modeling-synthesizer,2,NULL,NULL,NULL,NULL,"2019-02-05 13:42:38",NULL,NULL,NULL
1028,https://www.sweetwater.com/store/detail/Fusebox--analogue-solutions-fusebox-synthesizer,2,NULL,NULL,NULL,NULL,"2019-02-05 13:42:38",NULL,NULL,NULL
1029,https://www.sweetwater.com/store/detail/VirusTI2Desk--access-virus-ti2-desktop,2,NULL,NULL,NULL,NULL,"2019-02-05 13:42:38",NULL,NULL,NULL
1030,https://www.sweetwater.com/store/detail/NordLead4K--nord-lead-4,2,NULL,NULL,NULL,NULL,"2019-02-05 13:42:38",NULL,NULL,NULL
1031,https://www.sweetwater.com/store/detail/MicroBruteCr8--arturia-microbrute-analog-synthesizer-creation-edition,2,NULL,NULL,NULL,NULL,"2019-02-05 13:42:38",NULL,NULL,NULL
1032,https://www.sweetwater.com/store/detail/VIVOSX7--dexibell-vivo-sx7-sound-module,2,NULL,NULL,NULL,NULL,"2019-02-05 13:42:38",NULL,NULL,NULL
1033,https://www.sweetwater.com/store/detail/PocketOp16--teenage-engineering-pocket-operator-po-16-factory,2,NULL,NULL,NULL,NULL,"2019-02-05 13:42:38",NULL,NULL,NULL
1034,https://www.sweetwater.com/store/detail/PocketOp28--teenage-engineering-pocket-operator-po-28-robot,2,NULL,NULL,NULL,NULL,"2019-02-05 13:42:39",NULL,NULL,NULL
1035,https://www.sweetwater.com/store/detail/ElectribeBU--korg-electribe-metallic-blue,2,NULL,NULL,NULL,NULL,"2019-02-05 13:42:39",NULL,NULL,NULL
1036,https://www.sweetwater.com/store/detail/MrHyde--analogue-solutions-mr-hyde-analog-filter-with-extreme-modulation-effects,2,NULL,NULL,NULL,NULL,"2019-02-05 13:42:39",NULL,NULL,NULL
1037,https://www.sweetwater.com/store/detail/TB03--roland-tb-03-bass-line-synthesizer,2,NULL,NULL,NULL,NULL,"2019-02-05 13:42:39",NULL,NULL,NULL
1038,https://www.sweetwater.com/store/detail/Telemark--analogue-solutions-telemark-semi-modular-analog-synthesizer,2,NULL,NULL,NULL,NULL,"2019-02-05 13:42:39",NULL,NULL,NULL
1039,https://www.sweetwater.com/store/detail/Nyborg12--analogue-solutions-nyborg-12-analog-synthesizer,2,NULL,NULL,NULL,NULL,"2019-02-05 13:42:39",NULL,NULL,NULL
1040,https://www.sweetwater.com/store/detail/SequencerCBM--moog-sequencer-complement-b-expansion-cabinet-reissue,2,NULL,NULL,NULL,NULL,"2019-02-05 13:42:39",NULL,NULL,NULL
1041,https://www.sweetwater.com/store/detail/953KeyboardWN--moog-953-duophonic-61-note-keyboard-walnut-cabinet,2,NULL,NULL,NULL,NULL,"2019-02-05 13:42:39",NULL,NULL,NULL
1042,https://www.sweetwater.com/store/detail/953KeyboardBK--moog-953-duophonic-61-note-keyboard-black-cabinet,2,NULL,NULL,NULL,NULL,"2019-02-05 13:42:39",NULL,NULL,NULL
1043,https://www.sweetwater.com/store/detail/Kross2-61NG--korg-kross-2-61-colors-synthesizer-workstation-limited-edition-neon-green-gray,2,NULL,NULL,NULL,NULL,"2019-02-05 13:42:39",NULL,NULL,NULL
1044,https://www.sweetwater.com/store/detail/LeipzigS--analogue-solutions-leipzig-s-analog-synthesizer-with-step-sequencer,2,NULL,NULL,NULL,NULL,"2019-02-05 13:42:39",NULL,NULL,NULL
1045,https://www.sweetwater.com/store/detail/PC3K8--kurzweil-pc3k8-88-key-synthesizer-workstation,2,NULL,NULL,NULL,NULL,"2019-02-05 13:42:39",NULL,NULL,NULL
1046,https://www.sweetwater.com/store/detail/SE1X--studio-electronics-se-1x-analog-synthesizer,2,NULL,NULL,NULL,NULL,"2019-02-05 13:42:39",NULL,NULL,NULL
1047,https://www.sweetwater.com/store/detail/GeminiDesk--gsi-gemini-desktop-sound-module,2,NULL,NULL,NULL,NULL,"2019-02-05 13:42:39",NULL,NULL,NULL
1048,https://www.sweetwater.com/store/detail/BoomStSEMv2--studio-electronics-boomstar-sem-mkii-analog-synthesizer,2,NULL,NULL,NULL,NULL,"2019-02-05 13:42:39",NULL,NULL,NULL
1049,https://www.sweetwater.com/store/detail/BruteMin2Bun3--arturia-minibrute2-and-rackbrute3u-with-rackbrutebag-and-noodles,2,NULL,NULL,NULL,NULL,"2019-02-05 13:42:39",NULL,NULL,NULL
1050,https://www.sweetwater.com/store/detail/BruteMin2SBun3--arturia-minibrute2s-and-rackbrute3u-with-rackbrutebag-and-noodles,2,NULL,NULL,NULL,NULL,"2019-02-05 13:42:39",NULL,NULL,NULL
